problemId,titleKo,titles,isSolvable,isPartial,acceptedUserCount,level,votedUserCount,sprout,givesNoRating,isLevelLocked,averageTries,official,tags,metadata
27100,Stamps,"[{'language': 'en', 'languageDisplayName': 'en', 'title': 'Stamps', 'isOriginal': True}]",True,False,39,8,6,False,True,False,2.9231,True,"[{'key': 'backtracking', 'isMeta': False, 'bojTagId': 5, 'problemCount': 530, 'displayNames': [{'language': 'ko', 'name': '백트래킹', 'short': '백트래킹'}, {'language': 'en', 'name': 'backtracking', 'short': 'backtrack'}, {'language': 'ja', 'name': 'バックトラック法', 'short': 'バックトラック'}], 'aliases': [{'alias': '백트래킹'}, {'alias': '퇴각검색'}, {'alias': '퇴각 검색'}]}, {'key': 'bfs', 'isMeta': False, 'bojTagId': 126, 'problemCount': 967, 'displayNames': [{'language': 'ko', 'name': '너비 우선 탐색', 'short': '너비 우선 탐색'}, {'language': 'en', 'name': 'breadth-first search', 'short': 'bfs'}, {'language': 'ja', 'name': '幅優先検索', 'short': 'bfs'}], 'aliases': [{'alias': 'breadthfirst'}, {'alias': 'breadth first'}]}, {'key': 'dp', 'isMeta': False, 'bojTagId': 25, 'problemCount': 3979, 'displayNames': [{'language': 'ko', 'name': '다이나믹 프로그래밍', 'short': '다이나믹 프로그래밍'}, {'language': 'en', 'name': 'dynamic programming', 'short': 'dp'}, {'language': 'ja', 'name': '動的計画法', 'short': 'dp'}], 'aliases': [{'alias': '동적계획법'}, {'alias': '동적 계획법'}, {'alias': '다이나믹프로그래밍'}]}, {'key': 'graphs', 'isMeta': False, 'bojTagId': 7, 'problemCount': 3630, 'displayNames': [{'language': 'ko', 'name': '그래프 이론', 'short': '그래프 이론'}, {'language': 'en', 'name': 'graph theory', 'short': 'graph'}, {'language': 'ja', 'name': 'グラフ理論', 'short': 'グラフ'}], 'aliases': [{'alias': '그래프이론'}, {'alias': '그래프'}]}, {'key': 'graph_traversal', 'isMeta': False, 'bojTagId': 11, 'problemCount': 1978, 'displayNames': [{'language': 'ko', 'name': '그래프 탐색', 'short': '그래프 탐색'}, {'language': 'en', 'name': 'graph traversal', 'short': 'traversal'}, {'language': 'ja', 'name': 'グラフの探索', 'short': '横断'}], 'aliases': [{'alias': 'bfs'}, {'alias': 'dfs'}]}]","{'warn': [{'type': 'wrong-statement', 'data': ''}]}"
27101,Metric Matrices,"[{'language': 'en', 'languageDisplayName': 'en', 'title': 'Metric Matrices', 'isOriginal': True}]",True,False,79,4,16,False,False,False,2.0,True,"[{'key': 'bruteforcing', 'isMeta': False, 'bojTagId': 125, 'problemCount': 2158, 'displayNames': [{'language': 'ko', 'name': '브루트포스 알고리즘', 'short': '브루트포스 알고리즘'}, {'language': 'en', 'name': 'bruteforcing', 'short': 'bruteforce'}, {'language': 'ja', 'name': '全探索', 'short': '全探索'}], 'aliases': [{'alias': '완전탐색'}, {'alias': '완전 탐색'}, {'alias': '브루트포스'}, {'alias': 'bruteforce'}, {'alias': 'brute force'}, {'alias': '완탐'}]}, {'key': 'implementation', 'isMeta': False, 'bojTagId': 102, 'problemCount': 5465, 'displayNames': [{'language': 'ko', 'name': '구현', 'short': '구현'}, {'language': 'en', 'name': 'implementation', 'short': 'impl'}, {'language': 'ja', 'name': '実装', 'short': 'impl'}], 'aliases': []}]",{}
27102,Gift Giving,"[{'language': 'en', 'languageDisplayName': 'en', 'title': 'Gift Giving', 'isOriginal': True}]",False,False,0,0,0,False,False,False,0.0,True,[],{}
27103,Building Blocks,"[{'language': 'en', 'languageDisplayName': 'en', 'title': 'Building Blocks', 'isOriginal': True}]",False,False,0,0,0,False,False,False,0.0,True,[],{}
27104,Cow Calisthenics,"[{'language': 'en', 'languageDisplayName': 'en', 'title': 'Cow Calisthenics', 'isOriginal': True}]",False,False,0,0,0,False,False,False,0.0,True,[],{}
27105,Equal Summed Subsets,"[{'language': 'en', 'languageDisplayName': 'en', 'title': 'Equal Summed Subsets', 'isOriginal': True}]",True,False,29,10,6,False,False,False,1.3448,True,"[{'key': 'dp', 'isMeta': False, 'bojTagId': 25, 'problemCount': 3979, 'displayNames': [{'language': 'ko', 'name': '다이나믹 프로그래밍', 'short': '다이나믹 프로그래밍'}, {'language': 'en', 'name': 'dynamic programming', 'short': 'dp'}, {'language': 'ja', 'name': '動的計画法', 'short': 'dp'}], 'aliases': [{'alias': '동적계획법'}, {'alias': '동적 계획법'}, {'alias': '다이나믹프로그래밍'}]}, {'key': 'knapsack', 'isMeta': False, 'bojTagId': 148, 'problemCount': 252, 'displayNames': [{'language': 'ko', 'name': '배낭 문제', 'short': '배낭 문제'}, {'language': 'en', 'name': 'knapsack', 'short': 'knapsack'}, {'language': 'ja', 'name': 'ナップサック問題', 'short': 'ナップサック'}], 'aliases': [{'alias': '냅색'}]}]",{}
27106,Making Change,"[{'language': 'en', 'languageDisplayName': 'en', 'title': 'Making Change', 'isOriginal': True}]",True,False,227,3,26,False,False,False,1.2159,True,"[{'key': 'greedy', 'isMeta': False, 'bojTagId': 33, 'problemCount': 2504, 'displayNames': [{'language': 'ko', 'name': '그리디 알고리즘', 'short': '그리디 알고리즘'}, {'language': 'en', 'name': 'greedy', 'short': 'greedy'}, {'language': 'ja', 'name': '貪欲法', 'short': '貪欲法'}], 'aliases': [{'alias': '탐욕법'}]}]",{}
27107,Garage Sailing,"[{'language': 'en', 'languageDisplayName': 'en', 'title': 'Garage Sailing', 'isOriginal': True}]",False,False,0,0,0,False,False,False,0.0,True,[],{}
27108,Ordered Fractions,"[{'language': 'en', 'languageDisplayName': 'en', 'title': 'Ordered Fractions', 'isOriginal': True}]",True,False,49,7,15,False,False,False,1.3878,True,"[{'key': 'bruteforcing', 'isMeta': False, 'bojTagId': 125, 'problemCount': 2158, 'displayNames': [{'language': 'ko', 'name': '브루트포스 알고리즘', 'short': '브루트포스 알고리즘'}, {'language': 'en', 'name': 'bruteforcing', 'short': 'bruteforce'}, {'language': 'ja', 'name': '全探索', 'short': '全探索'}], 'aliases': [{'alias': '완전탐색'}, {'alias': '완전 탐색'}, {'alias': '브루트포스'}, {'alias': 'bruteforce'}, {'alias': 'brute force'}, {'alias': '완탐'}]}, {'key': 'euclidean', 'isMeta': False, 'bojTagId': 26, 'problemCount': 187, 'displayNames': [{'language': 'ko', 'name': '유클리드 호제법', 'short': '유클리드 호제법'}, {'language': 'en', 'name': 'euclidean algorithm', 'short': 'euclidean algorithm'}, {'language': 'ja', 'name': 'ユークリッドの互除法', 'short': 'ユークリッドの互除法'}], 'aliases': [{'alias': '유클리드알고리즘'}]}, {'key': 'implementation', 'isMeta': False, 'bojTagId': 102, 'problemCount': 5465, 'displayNames': [{'language': 'ko', 'name': '구현', 'short': '구현'}, {'language': 'en', 'name': 'implementation', 'short': 'impl'}, {'language': 'ja', 'name': '実装', 'short': 'impl'}], 'aliases': []}, {'key': 'math', 'isMeta': False, 'bojTagId': 124, 'problemCount': 6271, 'displayNames': [{'language': 'ko', 'name': '수학', 'short': '수학'}, {'language': 'en', 'name': 'mathematics', 'short': 'math'}, {'language': 'ja', 'name': '数学', 'short': '数学'}], 'aliases': []}, {'key': 'number_theory', 'isMeta': False, 'bojTagId': 95, 'problemCount': 1418, 'displayNames': [{'language': 'ko', 'name': '정수론', 'short': '정수론'}, {'language': 'en', 'name': 'number theory', 'short': 'number theory'}, {'language': 'ja', 'name': '整数論', 'short': '整数論'}], 'aliases': []}, {'key': 'sorting', 'isMeta': False, 'bojTagId': 97, 'problemCount': 1827, 'displayNames': [{'language': 'ko', 'name': '정렬', 'short': '정렬'}, {'language': 'en', 'name': 'sorting', 'short': 'sorting'}, {'language': 'ja', 'name': 'ソート', 'short': 'ソート'}], 'aliases': []}]",{}
27109,Spinning Wheels,"[{'language': 'en', 'languageDisplayName': 'en', 'title': 'Spinning Wheels', 'isOriginal': True}]",False,False,0,0,0,False,False,False,0.0,True,[],{}
27110,특식 배부,"[{'language': 'ko', 'languageDisplayName': 'ko', 'title': '특식 배부', 'isOriginal': True}]",True,False,2381,2,93,False,False,False,1.1865,True,"[{'key': 'arithmetic', 'isMeta': False, 'bojTagId': 121, 'problemCount': 1097, 'displayNames': [{'language': 'ko', 'name': '사칙연산', 'short': '사칙연산'}, {'language': 'en', 'name': 'arithmetic', 'short': 'arithmetic'}, {'language': 'ja', 'name': '算数', 'short': '算数'}], 'aliases': [{'alias': '덧셈'}, {'alias': '뺄셈'}, {'alias': '곱셈'}, {'alias': '나눗셈'}, {'alias': '더하기'}, {'alias': '빼기'}, {'alias': '곱하기'}, {'alias': '나누기'}]}, {'key': 'math', 'isMeta': False, 'bojTagId': 124, 'problemCount': 6271, 'displayNames': [{'language': 'ko', 'name': '수학', 'short': '수학'}, {'language': 'en', 'name': 'mathematics', 'short': 'math'}, {'language': 'ja', 'name': '数学', 'short': '数学'}], 'aliases': []}]",{}
27111,출입 기록,"[{'language': 'ko', 'languageDisplayName': 'ko', 'title': '출입 기록', 'isOriginal': True}]",True,False,537,6,35,False,False,False,2.0317,True,"[{'key': 'ad_hoc', 'isMeta': False, 'bojTagId': 109, 'problemCount': 1447, 'displayNames': [{'language': 'ko', 'name': '애드 혹', 'short': '애드 혹'}, {'language': 'en', 'name': 'ad-hoc', 'short': 'ad-hoc'}, {'language': 'ja', 'name': 'アドホック', 'short': 'アドホック'}], 'aliases': []}, {'key': 'implementation', 'isMeta': False, 'bojTagId': 102, 'problemCount': 5465, 'displayNames': [{'language': 'ko', 'name': '구현', 'short': '구현'}, {'language': 'en', 'name': 'implementation', 'short': 'impl'}, {'language': 'ja', 'name': '実装', 'short': 'impl'}], 'aliases': []}, {'key': 'simulation', 'isMeta': False, 'bojTagId': 141, 'problemCount': 1065, 'displayNames': [{'language': 'ko', 'name': '시뮬레이션', 'short': '시뮬레이션'}, {'language': 'en', 'name': 'simulation', 'short': 'simulation'}, {'language': 'ja', 'name': 'シミュレーション', 'short': 'シミュレーション'}], 'aliases': []}]",{}
27112,시간 외 근무 멈춰!,"[{'language': 'ko', 'languageDisplayName': 'ko', 'title': '시간 외 근무 멈춰!', 'isOriginal': True}]",True,False,182,9,27,False,False,False,3.0989,True,"[{'key': 'greedy', 'isMeta': False, 'bojTagId': 33, 'problemCount': 2504, 'displayNames': [{'language': 'ko', 'name': '그리디 알고리즘', 'short': '그리디 알고리즘'}, {'language': 'en', 'name': 'greedy', 'short': 'greedy'}, {'language': 'ja', 'name': '貪欲法', 'short': '貪欲法'}], 'aliases': [{'alias': '탐욕법'}]}, {'key': 'sorting', 'isMeta': False, 'bojTagId': 97, 'problemCount': 1827, 'displayNames': [{'language': 'ko', 'name': '정렬', 'short': '정렬'}, {'language': 'en', 'name': 'sorting', 'short': 'sorting'}, {'language': 'ja', 'name': 'ソート', 'short': 'ソート'}], 'aliases': []}]",{}
27113,잠입,"[{'language': 'ko', 'languageDisplayName': 'ko', 'title': '잠입', 'isOriginal': True}]",True,False,90,11,18,False,False,False,3.9667,True,"[{'key': 'case_work', 'isMeta': False, 'bojTagId': 137, 'problemCount': 855, 'displayNames': [{'language': 'ko', 'name': '많은 조건 분기', 'short': '많은 조건 분기'}, {'language': 'en', 'name': 'case work', 'short': 'case work'}, {'language': 'ja', 'name': 'ケースワーク', 'short': 'ケースワーク'}], 'aliases': [{'alias': '케이스'}, {'alias': '케이스워크'}, {'alias': '케이스 워크'}]}, {'key': 'greedy', 'isMeta': False, 'bojTagId': 33, 'problemCount': 2504, 'displayNames': [{'language': 'ko', 'name': '그리디 알고리즘', 'short': '그리디 알고리즘'}, {'language': 'en', 'name': 'greedy', 'short': 'greedy'}, {'language': 'ja', 'name': '貪欲法', 'short': '貪欲法'}], 'aliases': [{'alias': '탐욕법'}]}, {'key': 'implementation', 'isMeta': False, 'bojTagId': 102, 'problemCount': 5465, 'displayNames': [{'language': 'ko', 'name': '구현', 'short': '구현'}, {'language': 'en', 'name': 'implementation', 'short': 'impl'}, {'language': 'ja', 'name': '実装', 'short': 'impl'}], 'aliases': []}]",{}
27114,조교의 맹연습,"[{'language': 'ko', 'languageDisplayName': 'ko', 'title': '조교의 맹연습', 'isOriginal': True}]",True,False,170,12,26,False,False,False,2.5294,True,"[{'key': 'dp', 'isMeta': False, 'bojTagId': 25, 'problemCount': 3979, 'displayNames': [{'language': 'ko', 'name': '다이나믹 프로그래밍', 'short': '다이나믹 프로그래밍'}, {'language': 'en', 'name': 'dynamic programming', 'short': 'dp'}, {'language': 'ja', 'name': '動的計画法', 'short': 'dp'}], 'aliases': [{'alias': '동적계획법'}, {'alias': '동적 계획법'}, {'alias': '다이나믹프로그래밍'}]}, {'key': 'knapsack', 'isMeta': False, 'bojTagId': 148, 'problemCount': 252, 'displayNames': [{'language': 'ko', 'name': '배낭 문제', 'short': '배낭 문제'}, {'language': 'en', 'name': 'knapsack', 'short': 'knapsack'}, {'language': 'ja', 'name': 'ナップサック問題', 'short': 'ナップサック'}], 'aliases': [{'alias': '냅색'}]}]",{}
27115,통신소,"[{'language': 'ko', 'languageDisplayName': 'ko', 'title': '통신소', 'isOriginal': True}]",True,False,92,15,22,False,False,False,4.5109,True,"[{'key': 'bfs', 'isMeta': False, 'bojTagId': 126, 'problemCount': 967, 'displayNames': [{'language': 'ko', 'name': '너비 우선 탐색', 'short': '너비 우선 탐색'}, {'language': 'en', 'name': 'breadth-first search', 'short': 'bfs'}, {'language': 'ja', 'name': '幅優先検索', 'short': 'bfs'}], 'aliases': [{'alias': 'breadthfirst'}, {'alias': 'breadth first'}]}, {'key': 'graphs', 'isMeta': False, 'bojTagId': 7, 'problemCount': 3630, 'displayNames': [{'language': 'ko', 'name': '그래프 이론', 'short': '그래프 이론'}, {'language': 'en', 'name': 'graph theory', 'short': 'graph'}, {'language': 'ja', 'name': 'グラフ理論', 'short': 'グラフ'}], 'aliases': [{'alias': '그래프이론'}, {'alias': '그래프'}]}, {'key': 'graph_traversal', 'isMeta': False, 'bojTagId': 11, 'problemCount': 1978, 'displayNames': [{'language': 'ko', 'name': '그래프 탐색', 'short': '그래프 탐색'}, {'language': 'en', 'name': 'graph traversal', 'short': 'traversal'}, {'language': 'ja', 'name': 'グラフの探索', 'short': '横断'}], 'aliases': [{'alias': 'bfs'}, {'alias': 'dfs'}]}]",{}
27116,전투기 출격,"[{'language': 'ko', 'languageDisplayName': 'ko', 'title': '전투기 출격', 'isOriginal': True}]",True,False,23,16,9,False,False,False,3.3478,True,"[{'key': 'floyd_warshall', 'isMeta': False, 'bojTagId': 31, 'problemCount': 170, 'displayNames': [{'language': 'ko', 'name': '플로이드–워셜', 'short': '플로이드–워셜'}, {'language': 'en', 'name': 'floyd–warshall', 'short': 'floyd–warshall'}, {'language': 'ja', 'name': 'ワーシャル–フロイド法', 'short': 'ワーシャル–フロイド法'}], 'aliases': [{'alias': '플로이드'}, {'alias': '플로이드와셜'}, {'alias': '플로이드와샬'}]}, {'key': 'graphs', 'isMeta': False, 'bojTagId': 7, 'problemCount': 3630, 'displayNames': [{'language': 'ko', 'name': '그래프 이론', 'short': '그래프 이론'}, {'language': 'en', 'name': 'graph theory', 'short': 'graph'}, {'language': 'ja', 'name': 'グラフ理論', 'short': 'グラフ'}], 'aliases': [{'alias': '그래프이론'}, {'alias': '그래프'}]}, {'key': 'parametric_search', 'isMeta': False, 'bojTagId': 170, 'problemCount': 368, 'displayNames': [{'language': 'ko', 'name': '매개 변수 탐색', 'short': '매개 변수 탐색'}, {'language': 'en', 'name': 'parametric search', 'short': 'parametric search'}, {'language': 'ja', 'name': 'parametric search', 'short': 'parametric search'}], 'aliases': [{'alias': '파라메트릭'}]}, {'key': 'prefix_sum', 'isMeta': False, 'bojTagId': 139, 'problemCount': 949, 'displayNames': [{'language': 'ko', 'name': '누적 합', 'short': '누적 합'}, {'language': 'en', 'name': 'prefix sum', 'short': 'prefix sum'}, {'language': 'ja', 'name': '累積和', 'short': '累積和'}], 'aliases': [{'alias': '구간합'}, {'alias': '부분합'}, {'alias': 'rangesum'}]}, {'key': 'shortest_path', 'isMeta': False, 'bojTagId': 215, 'problemCount': 759, 'displayNames': [{'language': 'ko', 'name': '최단 경로', 'short': '최단 경로'}, {'language': 'en', 'name': 'shortest path', 'short': 'shortest path'}, {'language': 'ja', 'name': '最短経路', 'short': '最短経路'}], 'aliases': []}]",{}
27117,위문공연,"[{'language': 'ko', 'languageDisplayName': 'ko', 'title': '위문공연', 'isOriginal': True}]",True,False,23,17,10,False,False,False,1.3913,True,"[{'key': 'combinatorics', 'isMeta': False, 'bojTagId': 6, 'problemCount': 895, 'displayNames': [{'language': 'ko', 'name': '조합론', 'short': '조합론'}, {'language': 'en', 'name': 'combinatorics', 'short': 'combinatorics'}, {'language': 'ja', 'name': '組み合わせ', 'short': '組み合わせ'}], 'aliases': [{'alias': 'combination'}, {'alias': 'permutation'}, {'alias': 'probability'}, {'alias': '확률'}, {'alias': '순열'}]}, {'key': 'math', 'isMeta': False, 'bojTagId': 124, 'problemCount': 6271, 'displayNames': [{'language': 'ko', 'name': '수학', 'short': '수학'}, {'language': 'en', 'name': 'mathematics', 'short': 'math'}, {'language': 'ja', 'name': '数学', 'short': '数学'}], 'aliases': []}, {'key': 'permutation_cycle_decomposition', 'isMeta': False, 'bojTagId': 171, 'problemCount': 88, 'displayNames': [{'language': 'ko', 'name': '순열 사이클 분할', 'short': '순열 사이클 분할'}, {'language': 'en', 'name': 'permutation cycle decomposition', 'short': 'permutation cycle decomposition'}, {'language': 'ja', 'name': '順列サイクル分解', 'short': '順列サイクル分解'}], 'aliases': []}]",{}
27118,Bessie Come Home,"[{'language': 'en', 'languageDisplayName': 'en', 'title': 'Bessie Come Home', 'isOriginal': True}]",False,False,0,0,0,False,False,False,0.0,True,[],{}
27119,Milk Measuring,"[{'language': 'en', 'languageDisplayName': 'en', 'title': 'Milk Measuring', 'isOriginal': True}]",False,False,0,0,0,False,False,False,0.0,True,[],{}
27120,Healthy Holsteins,"[{'language': 'en', 'languageDisplayName': 'en', 'title': 'Healthy Holsteins', 'isOriginal': True}]",False,False,0,0,0,False,False,False,0.0,True,[],{}
27121,Big Barn,"[{'language': 'en', 'languageDisplayName': 'en', 'title': 'Big Barn', 'isOriginal': True}]",False,False,0,0,0,False,False,False,0.0,True,[],{}
27122,Cow Tours,"[{'language': 'en', 'languageDisplayName': 'en', 'title': 'Cow Tours', 'isOriginal': True}]",False,False,0,0,0,False,False,False,0.0,True,[],{}
27123,Electric Fence,"[{'language': 'en', 'languageDisplayName': 'en', 'title': 'Electric Fence', 'isOriginal': True}]",True,False,37,10,11,False,False,False,2.1351,True,"[{'key': 'euclidean', 'isMeta': False, 'bojTagId': 26, 'problemCount': 187, 'displayNames': [{'language': 'ko', 'name': '유클리드 호제법', 'short': '유클리드 호제법'}, {'language': 'en', 'name': 'euclidean algorithm', 'short': 'euclidean algorithm'}, {'language': 'ja', 'name': 'ユークリッドの互除法', 'short': 'ユークリッドの互除法'}], 'aliases': [{'alias': '유클리드알고리즘'}]}, {'key': 'geometry', 'isMeta': False, 'bojTagId': 100, 'problemCount': 1483, 'displayNames': [{'language': 'ko', 'name': '기하학', 'short': '기하학'}, {'language': 'en', 'name': 'geometry', 'short': 'geom'}, {'language': 'ja', 'name': '幾何学', 'short': '幾何'}], 'aliases': []}, {'key': 'math', 'isMeta': False, 'bojTagId': 124, 'problemCount': 6271, 'displayNames': [{'language': 'ko', 'name': '수학', 'short': '수학'}, {'language': 'en', 'name': 'mathematics', 'short': 'math'}, {'language': 'ja', 'name': '数学', 'short': '数学'}], 'aliases': []}, {'key': 'number_theory', 'isMeta': False, 'bojTagId': 95, 'problemCount': 1418, 'displayNames': [{'language': 'ko', 'name': '정수론', 'short': '정수론'}, {'language': 'en', 'name': 'number theory', 'short': 'number theory'}, {'language': 'ja', 'name': '整数論', 'short': '整数論'}], 'aliases': []}, {'key': 'pick', 'isMeta': False, 'bojTagId': 187, 'problemCount': 8, 'displayNames': [{'language': 'ko', 'name': '픽의 정리', 'short': '픽'}, {'language': 'en', 'name': ""pick's theorem"", 'short': ""pick's thm""}, {'language': 'ja', 'name': 'ピックの定理', 'short': 'ピック'}], 'aliases': []}]",{}
27124,Cow Scans,"[{'language': 'en', 'languageDisplayName': 'en', 'title': 'Cow Scans', 'isOriginal': True}]",False,False,0,0,0,False,False,False,0.0,True,[],{}
27125,Agri-Net,"[{'language': 'en', 'languageDisplayName': 'en', 'title': 'Agri-Net', 'isOriginal': True}]",False,False,0,0,0,False,False,False,0.0,True,[],{}
27126,Cryptcowgraphy,"[{'language': 'en', 'languageDisplayName': 'en', 'title': 'Cryptcowgraphy', 'isOriginal': True}]",False,False,0,0,0,False,False,False,0.0,True,[],{}
27127,Unique Quotients,"[{'language': 'en', 'languageDisplayName': 'en', 'title': 'Unique Quotients', 'isOriginal': True}]",True,False,65,5,9,False,False,False,1.5385,True,"[{'key': 'bruteforcing', 'isMeta': False, 'bojTagId': 125, 'problemCount': 2158, 'displayNames': [{'language': 'ko', 'name': '브루트포스 알고리즘', 'short': '브루트포스 알고리즘'}, {'language': 'en', 'name': 'bruteforcing', 'short': 'bruteforce'}, {'language': 'ja', 'name': '全探索', 'short': '全探索'}], 'aliases': [{'alias': '완전탐색'}, {'alias': '완전 탐색'}, {'alias': '브루트포스'}, {'alias': 'bruteforce'}, {'alias': 'brute force'}, {'alias': '완탐'}]}, {'key': 'implementation', 'isMeta': False, 'bojTagId': 102, 'problemCount': 5465, 'displayNames': [{'language': 'ko', 'name': '구현', 'short': '구현'}, {'language': 'en', 'name': 'implementation', 'short': 'impl'}, {'language': 'ja', 'name': '実装', 'short': 'impl'}], 'aliases': []}, {'key': 'precomputation', 'isMeta': False, 'bojTagId': 172, 'problemCount': 204, 'displayNames': [{'language': 'ko', 'name': '런타임 전의 전처리', 'short': '런타임 전의 전처리'}, {'language': 'en', 'name': 'precomputation', 'short': 'precomputation'}, {'language': 'ja', 'name': '事前計算', 'short': '事前計算'}], 'aliases': [{'alias': 'lookup table'}, {'alias': 'db'}, {'alias': 'database'}]}]",{}
27128,Reciprocal Omissions,"[{'language': 'en', 'languageDisplayName': 'en', 'title': 'Reciprocal Omissions', 'isOriginal': True}]",False,False,0,0,0,False,False,False,0.0,True,[],{}
27129,Checks,"[{'language': 'en', 'languageDisplayName': 'en', 'title': 'Checks', 'isOriginal': True}]",False,False,0,0,0,False,False,False,0.0,True,[],{}
27130,Long Multiplication,"[{'language': 'en', 'languageDisplayName': 'en', 'title': 'Long Multiplication', 'isOriginal': True}]",True,False,159,3,24,False,False,False,1.8428,True,"[{'key': 'arbitrary_precision', 'isMeta': False, 'bojTagId': 117, 'problemCount': 257, 'displayNames': [{'language': 'ko', 'name': '임의 정밀도 / 큰 수 연산', 'short': '임의 정밀도 / 큰 수 연산'}, {'language': 'en', 'name': 'arbitrary precision / big integers', 'short': 'arbitrary precision / big integers'}, {'language': 'ja', 'name': '高精度または大きな数の演算', 'short': '高精度または大きな数の演算'}], 'aliases': [{'alias': '빅인티저'}, {'alias': '빅데시멀'}, {'alias': 'biginteger'}, {'alias': 'bigdecimal'}]}, {'key': 'arithmetic', 'isMeta': False, 'bojTagId': 121, 'problemCount': 1097, 'displayNames': [{'language': 'ko', 'name': '사칙연산', 'short': '사칙연산'}, {'language': 'en', 'name': 'arithmetic', 'short': 'arithmetic'}, {'language': 'ja', 'name': '算数', 'short': '算数'}], 'aliases': [{'alias': '덧셈'}, {'alias': '뺄셈'}, {'alias': '곱셈'}, {'alias': '나눗셈'}, {'alias': '더하기'}, {'alias': '빼기'}, {'alias': '곱하기'}, {'alias': '나누기'}]}, {'key': 'math', 'isMeta': False, 'bojTagId': 124, 'problemCount': 6271, 'displayNames': [{'language': 'ko', 'name': '수학', 'short': '수학'}, {'language': 'en', 'name': 'mathematics', 'short': 'math'}, {'language': 'ja', 'name': '数学', 'short': '数学'}], 'aliases': []}]",{}
27131,Different Dice,"[{'language': 'en', 'languageDisplayName': 'en', 'title': 'Different Dice', 'isOriginal': True}]",False,False,0,0,0,False,False,False,0.0,True,[],{}
27132,Feed Ratios,"[{'language': 'en', 'languageDisplayName': 'en', 'title': 'Feed Ratios', 'isOriginal': True}]",False,False,0,0,0,False,False,False,0.0,True,[],{}
27133,The Tamworth Two,"[{'language': 'en', 'languageDisplayName': 'en', 'title': 'The Tamworth Two', 'isOriginal': True}]",False,False,0,0,0,False,False,False,0.0,True,[],{}
27134,Subset Sums,"[{'language': 'en', 'languageDisplayName': 'en', 'title': 'Subset Sums', 'isOriginal': True}]",True,False,63,10,13,False,False,False,1.6032,True,"[{'key': 'dp', 'isMeta': False, 'bojTagId': 25, 'problemCount': 3979, 'displayNames': [{'language': 'ko', 'name': '다이나믹 프로그래밍', 'short': '다이나믹 프로그래밍'}, {'language': 'en', 'name': 'dynamic programming', 'short': 'dp'}, {'language': 'ja', 'name': '動的計画法', 'short': 'dp'}], 'aliases': [{'alias': '동적계획법'}, {'alias': '동적 계획법'}, {'alias': '다이나믹프로그래밍'}]}, {'key': 'knapsack', 'isMeta': False, 'bojTagId': 148, 'problemCount': 252, 'displayNames': [{'language': 'ko', 'name': '배낭 문제', 'short': '배낭 문제'}, {'language': 'en', 'name': 'knapsack', 'short': 'knapsack'}, {'language': 'ja', 'name': 'ナップサック問題', 'short': 'ナップサック'}], 'aliases': [{'alias': '냅색'}]}]",{}
27135,Traveling Cows,"[{'language': 'en', 'languageDisplayName': 'en', 'title': 'Traveling Cows', 'isOriginal': True}]",False,False,0,0,0,False,False,False,0.0,True,[],{}
27136,Krunch,"[{'language': 'en', 'languageDisplayName': 'en', 'title': 'Krunch', 'isOriginal': True}]",False,False,0,0,0,False,False,False,0.0,True,[],{}
27137,Square Designs,"[{'language': 'en', 'languageDisplayName': 'en', 'title': 'Square Designs', 'isOriginal': True}]",True,False,29,6,8,False,False,False,1.8621,True,"[{'key': 'implementation', 'isMeta': False, 'bojTagId': 102, 'problemCount': 5465, 'displayNames': [{'language': 'ko', 'name': '구현', 'short': '구현'}, {'language': 'en', 'name': 'implementation', 'short': 'impl'}, {'language': 'ja', 'name': '実装', 'short': 'impl'}], 'aliases': []}]",{}
27138,Runaround Numbers,"[{'language': 'en', 'languageDisplayName': 'en', 'title': 'Runaround Numbers', 'isOriginal': True}]",False,False,0,0,0,False,False,False,0.0,True,[],{}
27139,Score Inflation,"[{'language': 'en', 'languageDisplayName': 'en', 'title': 'Score Inflation', 'isOriginal': True}]",False,False,0,0,0,False,False,False,0.0,True,[],{}
27140,Ice Cream,"[{'language': 'en', 'languageDisplayName': 'en', 'title': 'Ice Cream', 'isOriginal': True}]",False,False,0,0,0,False,False,False,0.0,True,[],{}
27141,Counting Cows,"[{'language': 'en', 'languageDisplayName': 'en', 'title': 'Counting Cows', 'isOriginal': True}]",False,False,0,0,0,False,False,False,0.0,True,[],{}
27142,Herd Splitting,"[{'language': 'en', 'languageDisplayName': 'en', 'title': 'Herd Splitting', 'isOriginal': True}]",False,False,0,0,0,False,False,False,0.0,True,[],{}
27143,Treasure Hunting,"[{'language': 'en', 'languageDisplayName': 'en', 'title': 'Treasure Hunting', 'isOriginal': True}]",False,False,0,0,0,False,False,False,0.0,True,[],{}
27144,Cow Pool,"[{'language': 'en', 'languageDisplayName': 'en', 'title': 'Cow Pool', 'isOriginal': True}]",False,False,0,0,0,False,False,False,0.0,True,[],{}
27145,Cows in Bed,"[{'language': 'en', 'languageDisplayName': 'en', 'title': 'Cows in Bed', 'isOriginal': True}]",False,False,0,0,0,False,False,False,0.0,True,[],{}
27146,Word Diamonds,"[{'language': 'en', 'languageDisplayName': 'en', 'title': 'Word Diamonds', 'isOriginal': True}]",False,False,0,0,0,False,False,False,0.0,True,[],{}
27147,Factorial Power,"[{'language': 'en', 'languageDisplayName': 'en', 'title': 'Factorial Power', 'isOriginal': True}]",False,False,0,0,0,False,False,False,0.0,True,[],{}
27148,Sum25,"[{'language': 'en', 'languageDisplayName': 'en', 'title': 'Sum25', 'isOriginal': True}]",False,False,0,0,0,False,False,False,0.0,True,[],{}
27149,Cows in Bed,"[{'language': 'en', 'languageDisplayName': 'en', 'title': 'Cows in Bed', 'isOriginal': True}]",False,False,0,0,0,False,False,False,0.0,True,[],{}
27150,Highest Mountain,"[{'language': 'en', 'languageDisplayName': 'en', 'title': 'Highest Mountain', 'isOriginal': True}]",False,False,0,0,0,False,False,False,0.0,True,[],{}
27151,COPS--Cows On Pogo Sticks,"[{'language': 'en', 'languageDisplayName': 'en', 'title': 'COPS--Cows On Pogo Sticks', 'isOriginal': True}]",False,False,0,0,0,False,False,False,0.0,True,[],{}
27152,Cow Sorting,"[{'language': 'en', 'languageDisplayName': 'en', 'title': 'Cow Sorting', 'isOriginal': True}]",False,False,0,0,0,False,False,False,0.0,True,[],{}
27153,Achluphobic Angus,"[{'language': 'en', 'languageDisplayName': 'en', 'title': 'Achluphobic Angus', 'isOriginal': True}]",False,False,0,0,0,False,False,False,0.0,True,[],{}
27154,Negative Number Bases,"[{'language': 'en', 'languageDisplayName': 'en', 'title': 'Negative Number Bases', 'isOriginal': True}]",False,False,0,0,0,False,False,False,0.0,True,[],{}
27155,Crossword Puzzle Words,"[{'language': 'en', 'languageDisplayName': 'en', 'title': 'Crossword Puzzle Words', 'isOriginal': True}]",False,False,0,0,0,False,False,False,0.0,True,[],{}
27156,Cows on Parade,"[{'language': 'en', 'languageDisplayName': 'en', 'title': 'Cows on Parade', 'isOriginal': True}]",False,False,0,0,0,False,False,False,0.0,True,[],{}
27157,GGANALi,"[{'language': 'ko', 'languageDisplayName': 'ko', 'title': 'GGANALi', 'isOriginal': True}]",True,False,11,18,7,False,False,False,2.2727,True,"[{'key': 'data_structures', 'isMeta': False, 'bojTagId': 175, 'problemCount': 3771, 'displayNames': [{'language': 'ko', 'name': '자료 구조', 'short': '자료 구조'}, {'language': 'en', 'name': 'data structures', 'short': 'ds'}, {'language': 'ja', 'name': 'データ構造', 'short': 'ds'}], 'aliases': [{'alias': '자료구조'}, {'alias': '자구'}]}, {'key': 'implementation', 'isMeta': False, 'bojTagId': 102, 'problemCount': 5465, 'displayNames': [{'language': 'ko', 'name': '구현', 'short': '구현'}, {'language': 'en', 'name': 'implementation', 'short': 'impl'}, {'language': 'ja', 'name': '実装', 'short': 'impl'}], 'aliases': []}, {'key': 'string', 'isMeta': False, 'bojTagId': 158, 'problemCount': 2356, 'displayNames': [{'language': 'ko', 'name': '문자열', 'short': '문자열'}, {'language': 'en', 'name': 'string', 'short': 'string'}, {'language': 'ja', 'name': '文字列', 'short': '文字列'}], 'aliases': [{'alias': '스트링'}]}, {'key': 'trees', 'isMeta': False, 'bojTagId': 120, 'problemCount': 1382, 'displayNames': [{'language': 'ko', 'name': '트리', 'short': '트리'}, {'language': 'en', 'name': 'tree', 'short': 'tree'}, {'language': 'ja', 'name': '木', 'short': '木'}], 'aliases': [{'alias': 'trees'}]}]",{}
27158,펜토미노,"[{'language': 'ko', 'languageDisplayName': 'ko', 'title': '펜토미노', 'isOriginal': True}]",True,False,15,24,8,False,False,False,2.3333,True,"[{'key': 'backtracking', 'isMeta': False, 'bojTagId': 5, 'problemCount': 530, 'displayNames': [{'language': 'ko', 'name': '백트래킹', 'short': '백트래킹'}, {'language': 'en', 'name': 'backtracking', 'short': 'backtrack'}, {'language': 'ja', 'name': 'バックトラック法', 'short': 'バックトラック'}], 'aliases': [{'alias': '백트래킹'}, {'alias': '퇴각검색'}, {'alias': '퇴각 검색'}]}, {'key': 'dancing_links', 'isMeta': False, 'bojTagId': 173, 'problemCount': 6, 'displayNames': [{'language': 'ko', 'name': '춤추는 링크', 'short': '춤추는 링크'}, {'language': 'en', 'name': 'dancing links', 'short': 'dancing links'}, {'language': 'ja', 'name': 'dancing links', 'short': 'dancing links'}], 'aliases': []}, {'key': 'implementation', 'isMeta': False, 'bojTagId': 102, 'problemCount': 5465, 'displayNames': [{'language': 'ko', 'name': '구현', 'short': '구현'}, {'language': 'en', 'name': 'implementation', 'short': 'impl'}, {'language': 'ja', 'name': '実装', 'short': 'impl'}], 'aliases': []}, {'key': 'knuth_x', 'isMeta': False, 'bojTagId': 174, 'problemCount': 7, 'displayNames': [{'language': 'ko', 'name': '크누스 X', 'short': '크누스 X'}, {'language': 'en', 'name': ""knuth's x"", 'short': 'x'}, {'language': 'ja', 'name': ""knuth's x"", 'short': 'x'}], 'aliases': []}]",{}
27159,노 땡스!,"[{'language': 'ko', 'languageDisplayName': 'ko', 'title': '노 땡스!', 'isOriginal': True}]",True,False,1102,3,66,False,False,False,1.2287,True,"[{'key': 'implementation', 'isMeta': False, 'bojTagId': 102, 'problemCount': 5465, 'displayNames': [{'language': 'ko', 'name': '구현', 'short': '구현'}, {'language': 'en', 'name': 'implementation', 'short': 'impl'}, {'language': 'ja', 'name': '実装', 'short': 'impl'}], 'aliases': []}]",{}
27160,할리갈리,"[{'language': 'ko', 'languageDisplayName': 'ko', 'title': '할리갈리', 'isOriginal': True}]",True,False,1591,4,58,False,False,False,1.4808,True,"[{'key': 'data_structures', 'isMeta': False, 'bojTagId': 175, 'problemCount': 3771, 'displayNames': [{'language': 'ko', 'name': '자료 구조', 'short': '자료 구조'}, {'language': 'en', 'name': 'data structures', 'short': 'ds'}, {'language': 'ja', 'name': 'データ構造', 'short': 'ds'}], 'aliases': [{'alias': '자료구조'}, {'alias': '자구'}]}, {'key': 'hash_set', 'isMeta': False, 'bojTagId': 136, 'problemCount': 626, 'displayNames': [{'language': 'ko', 'name': '해시를 사용한 집합과 맵', 'short': '해시를 사용한 집합과 맵'}, {'language': 'en', 'name': 'set / map by hashing', 'short': 'hashset'}, {'language': 'ja', 'name': 'ハッシュ化によるセット・マップ', 'short': 'hashset'}], 'aliases': [{'alias': '집합'}, {'alias': '맵'}, {'alias': '셋'}, {'alias': '딕셔너리'}, {'alias': 'dictionary'}, {'alias': 'map'}, {'alias': 'set'}, {'alias': '해싱'}, {'alias': 'hashing'}, {'alias': 'dict'}]}, {'key': 'implementation', 'isMeta': False, 'bojTagId': 102, 'problemCount': 5465, 'displayNames': [{'language': 'ko', 'name': '구현', 'short': '구현'}, {'language': 'en', 'name': 'implementation', 'short': 'impl'}, {'language': 'ja', 'name': '実装', 'short': 'impl'}], 'aliases': []}, {'key': 'string', 'isMeta': False, 'bojTagId': 158, 'problemCount': 2356, 'displayNames': [{'language': 'ko', 'name': '문자열', 'short': '문자열'}, {'language': 'en', 'name': 'string', 'short': 'string'}, {'language': 'ja', 'name': '文字列', 'short': '文字列'}], 'aliases': [{'alias': '스트링'}]}]",{}
27161,크레이지 타임,"[{'language': 'ko', 'languageDisplayName': 'ko', 'title': '크레이지 타임', 'isOriginal': True}]",True,False,590,5,43,False,False,False,1.2746,True,"[{'key': 'implementation', 'isMeta': False, 'bojTagId': 102, 'problemCount': 5465, 'displayNames': [{'language': 'ko', 'name': '구현', 'short': '구현'}, {'language': 'en', 'name': 'implementation', 'short': 'impl'}, {'language': 'ja', 'name': '実装', 'short': 'impl'}], 'aliases': []}, {'key': 'simulation', 'isMeta': False, 'bojTagId': 141, 'problemCount': 1065, 'displayNames': [{'language': 'ko', 'name': '시뮬레이션', 'short': '시뮬레이션'}, {'language': 'en', 'name': 'simulation', 'short': 'simulation'}, {'language': 'ja', 'name': 'シミュレーション', 'short': 'シミュレーション'}], 'aliases': []}]",{}
27162,Yacht Dice,"[{'language': 'ko', 'languageDisplayName': 'ko', 'title': 'Yacht Dice', 'isOriginal': True}]",True,False,462,8,46,False,False,False,3.2511,True,"[{'key': 'bruteforcing', 'isMeta': False, 'bojTagId': 125, 'problemCount': 2158, 'displayNames': [{'language': 'ko', 'name': '브루트포스 알고리즘', 'short': '브루트포스 알고리즘'}, {'language': 'en', 'name': 'bruteforcing', 'short': 'bruteforce'}, {'language': 'ja', 'name': '全探索', 'short': '全探索'}], 'aliases': [{'alias': '완전탐색'}, {'alias': '완전 탐색'}, {'alias': '브루트포스'}, {'alias': 'bruteforce'}, {'alias': 'brute force'}, {'alias': '완탐'}]}, {'key': 'case_work', 'isMeta': False, 'bojTagId': 137, 'problemCount': 855, 'displayNames': [{'language': 'ko', 'name': '많은 조건 분기', 'short': '많은 조건 분기'}, {'language': 'en', 'name': 'case work', 'short': 'case work'}, {'language': 'ja', 'name': 'ケースワーク', 'short': 'ケースワーク'}], 'aliases': [{'alias': '케이스'}, {'alias': '케이스워크'}, {'alias': '케이스 워크'}]}, {'key': 'implementation', 'isMeta': False, 'bojTagId': 102, 'problemCount': 5465, 'displayNames': [{'language': 'ko', 'name': '구현', 'short': '구현'}, {'language': 'en', 'name': 'implementation', 'short': 'impl'}, {'language': 'ja', 'name': '実装', 'short': 'impl'}], 'aliases': []}]",{}
27163,벚꽃 내리는 시대에 결투를,"[{'language': 'ko', 'languageDisplayName': 'ko', 'title': '벚꽃 내리는 시대에 결투를', 'isOriginal': True}]",True,False,147,15,42,False,False,False,5.1224,True,"[{'key': 'dp', 'isMeta': False, 'bojTagId': 25, 'problemCount': 3979, 'displayNames': [{'language': 'ko', 'name': '다이나믹 프로그래밍', 'short': '다이나믹 프로그래밍'}, {'language': 'en', 'name': 'dynamic programming', 'short': 'dp'}, {'language': 'ja', 'name': '動的計画法', 'short': 'dp'}], 'aliases': [{'alias': '동적계획법'}, {'alias': '동적 계획법'}, {'alias': '다이나믹프로그래밍'}]}, {'key': 'knapsack', 'isMeta': False, 'bojTagId': 148, 'problemCount': 252, 'displayNames': [{'language': 'ko', 'name': '배낭 문제', 'short': '배낭 문제'}, {'language': 'en', 'name': 'knapsack', 'short': 'knapsack'}, {'language': 'ja', 'name': 'ナップサック問題', 'short': 'ナップサック'}], 'aliases': [{'alias': '냅색'}]}]",{}
27164,도미니언,"[{'language': 'ko', 'languageDisplayName': 'ko', 'title': '도미니언', 'isOriginal': True}]",True,False,15,20,7,False,False,False,8.2,True,"[{'key': 'binary_search', 'isMeta': False, 'bojTagId': 12, 'problemCount': 1204, 'displayNames': [{'language': 'ko', 'name': '이분 탐색', 'short': '이분 탐색'}, {'language': 'en', 'name': 'binary search', 'short': 'binary search'}, {'language': 'ja', 'name': '二分探索', 'short': '二分探索'}], 'aliases': [{'alias': '이분탐색'}, {'alias': '이진탐색'}]}, {'key': 'case_work', 'isMeta': False, 'bojTagId': 137, 'problemCount': 855, 'displayNames': [{'language': 'ko', 'name': '많은 조건 분기', 'short': '많은 조건 분기'}, {'language': 'en', 'name': 'case work', 'short': 'case work'}, {'language': 'ja', 'name': 'ケースワーク', 'short': 'ケースワーク'}], 'aliases': [{'alias': '케이스'}, {'alias': '케이스워크'}, {'alias': '케이스 워크'}]}, {'key': 'greedy', 'isMeta': False, 'bojTagId': 33, 'problemCount': 2504, 'displayNames': [{'language': 'ko', 'name': '그리디 알고리즘', 'short': '그리디 알고리즘'}, {'language': 'en', 'name': 'greedy', 'short': 'greedy'}, {'language': 'ja', 'name': '貪欲法', 'short': '貪欲法'}], 'aliases': [{'alias': '탐욕법'}]}, {'key': 'implementation', 'isMeta': False, 'bojTagId': 102, 'problemCount': 5465, 'displayNames': [{'language': 'ko', 'name': '구현', 'short': '구현'}, {'language': 'en', 'name': 'implementation', 'short': 'impl'}, {'language': 'ja', 'name': '実装', 'short': 'impl'}], 'aliases': []}, {'key': 'prefix_sum', 'isMeta': False, 'bojTagId': 139, 'problemCount': 949, 'displayNames': [{'language': 'ko', 'name': '누적 합', 'short': '누적 합'}, {'language': 'en', 'name': 'prefix sum', 'short': 'prefix sum'}, {'language': 'ja', 'name': '累積和', 'short': '累積和'}], 'aliases': [{'alias': '구간합'}, {'alias': '부분합'}, {'alias': 'rangesum'}]}, {'key': 'simulation', 'isMeta': False, 'bojTagId': 141, 'problemCount': 1065, 'displayNames': [{'language': 'ko', 'name': '시뮬레이션', 'short': '시뮬레이션'}, {'language': 'en', 'name': 'simulation', 'short': 'simulation'}, {'language': 'ja', 'name': 'シミュレーション', 'short': 'シミュレーション'}], 'aliases': []}]",{}
27165,모든 곳을 안전하게,"[{'language': 'ko', 'languageDisplayName': 'ko', 'title': '모든 곳을 안전하게', 'isOriginal': True}]",True,False,281,8,34,False,False,False,4.0142,True,"[{'key': 'case_work', 'isMeta': False, 'bojTagId': 137, 'problemCount': 855, 'displayNames': [{'language': 'ko', 'name': '많은 조건 분기', 'short': '많은 조건 분기'}, {'language': 'en', 'name': 'case work', 'short': 'case work'}, {'language': 'ja', 'name': 'ケースワーク', 'short': 'ケースワーク'}], 'aliases': [{'alias': '케이스'}, {'alias': '케이스워크'}, {'alias': '케이스 워크'}]}, {'key': 'implementation', 'isMeta': False, 'bojTagId': 102, 'problemCount': 5465, 'displayNames': [{'language': 'ko', 'name': '구현', 'short': '구현'}, {'language': 'en', 'name': 'implementation', 'short': 'impl'}, {'language': 'ja', 'name': '実装', 'short': 'impl'}], 'aliases': []}]",{}
27166,테라포밍 마스,"[{'language': 'ko', 'languageDisplayName': 'ko', 'title': '테라포밍 마스', 'isOriginal': True}]",True,False,22,17,5,False,False,False,2.5909,True,"[{'key': 'greedy', 'isMeta': False, 'bojTagId': 33, 'problemCount': 2504, 'displayNames': [{'language': 'ko', 'name': '그리디 알고리즘', 'short': '그리디 알고리즘'}, {'language': 'en', 'name': 'greedy', 'short': 'greedy'}, {'language': 'ja', 'name': '貪欲法', 'short': '貪欲法'}], 'aliases': [{'alias': '탐욕법'}]}, {'key': 'implementation', 'isMeta': False, 'bojTagId': 102, 'problemCount': 5465, 'displayNames': [{'language': 'ko', 'name': '구현', 'short': '구현'}, {'language': 'en', 'name': 'implementation', 'short': 'impl'}, {'language': 'ja', 'name': '実装', 'short': 'impl'}], 'aliases': []}, {'key': 'simulation', 'isMeta': False, 'bojTagId': 141, 'problemCount': 1065, 'displayNames': [{'language': 'ko', 'name': '시뮬레이션', 'short': '시뮬레이션'}, {'language': 'en', 'name': 'simulation', 'short': 'simulation'}, {'language': 'ja', 'name': 'シミュレーション', 'short': 'シミュレーション'}], 'aliases': []}]",{}
27167,KPvK 엔드게임,"[{'language': 'ko', 'languageDisplayName': 'ko', 'title': 'KPvK 엔드게임', 'isOriginal': True}]",True,False,7,23,4,False,False,False,1.5714,True,"[{'key': 'case_work', 'isMeta': False, 'bojTagId': 137, 'problemCount': 855, 'displayNames': [{'language': 'ko', 'name': '많은 조건 분기', 'short': '많은 조건 분기'}, {'language': 'en', 'name': 'case work', 'short': 'case work'}, {'language': 'ja', 'name': 'ケースワーク', 'short': 'ケースワーク'}], 'aliases': [{'alias': '케이스'}, {'alias': '케이스워크'}, {'alias': '케이스 워크'}]}, {'key': 'game_theory', 'isMeta': False, 'bojTagId': 140, 'problemCount': 357, 'displayNames': [{'language': 'ko', 'name': '게임 이론', 'short': '게임 이론'}, {'language': 'en', 'name': 'game theory', 'short': 'game theory'}, {'language': 'ja', 'name': 'ゲーム理論', 'short': 'ゲーム'}], 'aliases': [{'alias': '게임이론'}, {'alias': '님'}, {'alias': 'nim'}]}, {'key': 'graphs', 'isMeta': False, 'bojTagId': 7, 'problemCount': 3630, 'displayNames': [{'language': 'ko', 'name': '그래프 이론', 'short': '그래프 이론'}, {'language': 'en', 'name': 'graph theory', 'short': 'graph'}, {'language': 'ja', 'name': 'グラフ理論', 'short': 'グラフ'}], 'aliases': [{'alias': '그래프이론'}, {'alias': '그래프'}]}, {'key': 'implementation', 'isMeta': False, 'bojTagId': 102, 'problemCount': 5465, 'displayNames': [{'language': 'ko', 'name': '구현', 'short': '구현'}, {'language': 'en', 'name': 'implementation', 'short': 'impl'}, {'language': 'ja', 'name': '実装', 'short': 'impl'}], 'aliases': []}]",{}
27168,브루마블,"[{'language': 'ko', 'languageDisplayName': 'ko', 'title': '브루마블', 'isOriginal': True}]",True,False,3,23,1,False,False,False,1.0,True,"[{'key': 'data_structures', 'isMeta': False, 'bojTagId': 175, 'problemCount': 3771, 'displayNames': [{'language': 'ko', 'name': '자료 구조', 'short': '자료 구조'}, {'language': 'en', 'name': 'data structures', 'short': 'ds'}, {'language': 'ja', 'name': 'データ構造', 'short': 'ds'}], 'aliases': [{'alias': '자료구조'}, {'alias': '자구'}]}, {'key': 'divide_and_conquer', 'isMeta': False, 'bojTagId': 24, 'problemCount': 412, 'displayNames': [{'language': 'ko', 'name': '분할 정복', 'short': '분할 정복'}, {'language': 'en', 'name': 'divide and conquer', 'short': 'd&c'}, {'language': 'ja', 'name': '分割統治法', 'short': '分割統治法'}], 'aliases': [{'alias': 'dnc'}]}, {'key': 'euler_tour_technique', 'isMeta': False, 'bojTagId': 150, 'problemCount': 96, 'displayNames': [{'language': 'ko', 'name': '오일러 경로 테크닉', 'short': '오일러 경로 테크닉'}, {'language': 'en', 'name': 'euler tour technique', 'short': 'ett'}, {'language': 'ja', 'name': 'オイラーツアー', 'short': 'ett'}], 'aliases': []}, {'key': 'graphs', 'isMeta': False, 'bojTagId': 7, 'problemCount': 3630, 'displayNames': [{'language': 'ko', 'name': '그래프 이론', 'short': '그래프 이론'}, {'language': 'en', 'name': 'graph theory', 'short': 'graph'}, {'language': 'ja', 'name': 'グラフ理論', 'short': 'グラフ'}], 'aliases': [{'alias': '그래프이론'}, {'alias': '그래프'}]}, {'key': 'graph_traversal', 'isMeta': False, 'bojTagId': 11, 'problemCount': 1978, 'displayNames': [{'language': 'ko', 'name': '그래프 탐색', 'short': '그래프 탐색'}, {'language': 'en', 'name': 'graph traversal', 'short': 'traversal'}, {'language': 'ja', 'name': 'グラフの探索', 'short': '横断'}], 'aliases': [{'alias': 'bfs'}, {'alias': 'dfs'}]}, {'key': 'offline_queries', 'isMeta': False, 'bojTagId': 123, 'problemCount': 252, 'displayNames': [{'language': 'ko', 'name': '오프라인 쿼리', 'short': '오프라인 쿼리'}, {'language': 'en', 'name': 'offline queries', 'short': 'offline query'}, {'language': 'ja', 'name': 'offline queries', 'short': 'offline query'}], 'aliases': [{'alias': 'offlinequery'}]}, {'key': 'segtree', 'isMeta': False, 'bojTagId': 65, 'problemCount': 1290, 'displayNames': [{'language': 'ko', 'name': '세그먼트 트리', 'short': '세그먼트 트리'}, {'language': 'en', 'name': 'segment tree', 'short': 'segtree'}, {'language': 'ja', 'name': 'セグメント木', 'short': 'セグ木'}], 'aliases': [{'alias': '구간트리'}, {'alias': '세그트리'}, {'alias': 'fenwick'}, {'alias': '펜윅'}]}, {'key': 'trees', 'isMeta': False, 'bojTagId': 120, 'problemCount': 1382, 'displayNames': [{'language': 'ko', 'name': '트리', 'short': '트리'}, {'language': 'en', 'name': 'tree', 'short': 'tree'}, {'language': 'ja', 'name': '木', 'short': '木'}], 'aliases': [{'alias': 'trees'}]}]",{}
27169,100% Orange Juice!,"[{'language': 'ko', 'languageDisplayName': 'ko', 'title': '100% Orange Juice!', 'isOriginal': True}]",True,False,23,18,7,False,False,False,1.6087,True,"[{'key': 'case_work', 'isMeta': False, 'bojTagId': 137, 'problemCount': 855, 'displayNames': [{'language': 'ko', 'name': '많은 조건 분기', 'short': '많은 조건 분기'}, {'language': 'en', 'name': 'case work', 'short': 'case work'}, {'language': 'ja', 'name': 'ケースワーク', 'short': 'ケースワーク'}], 'aliases': [{'alias': '케이스'}, {'alias': '케이스워크'}, {'alias': '케이스 워크'}]}, {'key': 'dp', 'isMeta': False, 'bojTagId': 25, 'problemCount': 3979, 'displayNames': [{'language': 'ko', 'name': '다이나믹 프로그래밍', 'short': '다이나믹 프로그래밍'}, {'language': 'en', 'name': 'dynamic programming', 'short': 'dp'}, {'language': 'ja', 'name': '動的計画法', 'short': 'dp'}], 'aliases': [{'alias': '동적계획법'}, {'alias': '동적 계획법'}, {'alias': '다이나믹프로그래밍'}]}, {'key': 'implementation', 'isMeta': False, 'bojTagId': 102, 'problemCount': 5465, 'displayNames': [{'language': 'ko', 'name': '구현', 'short': '구현'}, {'language': 'en', 'name': 'implementation', 'short': 'impl'}, {'language': 'ja', 'name': '実装', 'short': 'impl'}], 'aliases': []}, {'key': 'math', 'isMeta': False, 'bojTagId': 124, 'problemCount': 6271, 'displayNames': [{'language': 'ko', 'name': '수학', 'short': '수학'}, {'language': 'en', 'name': 'mathematics', 'short': 'math'}, {'language': 'ja', 'name': '数学', 'short': '数学'}], 'aliases': []}, {'key': 'probability', 'isMeta': False, 'bojTagId': 177, 'problemCount': 305, 'displayNames': [{'language': 'ko', 'name': '확률론', 'short': '확률론'}, {'language': 'en', 'name': 'probability theory', 'short': 'probability'}, {'language': 'ja', 'name': '確率論', 'short': '確率論'}], 'aliases': [{'alias': 'expected value'}, {'alias': '기대값'}, {'alias': '기댓값'}]}]",{}
27170,보드게임컵 파티!,"[{'language': 'ko', 'languageDisplayName': 'ko', 'title': '보드게임컵 파티!', 'isOriginal': True}]",True,False,28,20,10,False,False,False,2.4286,True,"[{'key': 'data_structures', 'isMeta': False, 'bojTagId': 175, 'problemCount': 3771, 'displayNames': [{'language': 'ko', 'name': '자료 구조', 'short': '자료 구조'}, {'language': 'en', 'name': 'data structures', 'short': 'ds'}, {'language': 'ja', 'name': 'データ構造', 'short': 'ds'}], 'aliases': [{'alias': '자료구조'}, {'alias': '자구'}]}, {'key': 'lazyprop', 'isMeta': False, 'bojTagId': 66, 'problemCount': 300, 'displayNames': [{'language': 'ko', 'name': '느리게 갱신되는 세그먼트 트리', 'short': '느리게 갱신되는 세그먼트 트리'}, {'language': 'en', 'name': 'segment tree with lazy propagation', 'short': 'lazyprop'}, {'language': 'ja', 'name': '遅延評価セグメント木', 'short': '遅延評価セグ木'}], 'aliases': [{'alias': '레이지'}, {'alias': '레이지프로퍼게이션'}, {'alias': '레이지프로파게이션'}, {'alias': '구간트리'}, {'alias': 'fenwick'}, {'alias': '펜윅'}]}, {'key': 'segtree', 'isMeta': False, 'bojTagId': 65, 'problemCount': 1290, 'displayNames': [{'language': 'ko', 'name': '세그먼트 트리', 'short': '세그먼트 트리'}, {'language': 'en', 'name': 'segment tree', 'short': 'segtree'}, {'language': 'ja', 'name': 'セグメント木', 'short': 'セグ木'}], 'aliases': [{'alias': '구간트리'}, {'alias': '세그트리'}, {'alias': 'fenwick'}, {'alias': '펜윅'}]}]",{}
27171,더블 아웃,"[{'language': 'ko', 'languageDisplayName': 'ko', 'title': '더블 아웃', 'isOriginal': True}]",True,False,15,18,2,False,False,False,1.2667,True,"[{'key': 'dp', 'isMeta': False, 'bojTagId': 25, 'problemCount': 3979, 'displayNames': [{'language': 'ko', 'name': '다이나믹 프로그래밍', 'short': '다이나믹 프로그래밍'}, {'language': 'en', 'name': 'dynamic programming', 'short': 'dp'}, {'language': 'ja', 'name': '動的計画法', 'short': 'dp'}], 'aliases': [{'alias': '동적계획법'}, {'alias': '동적 계획법'}, {'alias': '다이나믹프로그래밍'}]}, {'key': 'implementation', 'isMeta': False, 'bojTagId': 102, 'problemCount': 5465, 'displayNames': [{'language': 'ko', 'name': '구현', 'short': '구현'}, {'language': 'en', 'name': 'implementation', 'short': 'impl'}, {'language': 'ja', 'name': '実装', 'short': 'impl'}], 'aliases': []}, {'key': 'math', 'isMeta': False, 'bojTagId': 124, 'problemCount': 6271, 'displayNames': [{'language': 'ko', 'name': '수학', 'short': '수학'}, {'language': 'en', 'name': 'mathematics', 'short': 'math'}, {'language': 'ja', 'name': '数学', 'short': '数学'}], 'aliases': []}, {'key': 'probability', 'isMeta': False, 'bojTagId': 177, 'problemCount': 305, 'displayNames': [{'language': 'ko', 'name': '확률론', 'short': '확률론'}, {'language': 'en', 'name': 'probability theory', 'short': 'probability'}, {'language': 'ja', 'name': '確率論', 'short': '確率論'}], 'aliases': [{'alias': 'expected value'}, {'alias': '기대값'}, {'alias': '기댓값'}]}]",{}
27172,수 나누기 게임,"[{'language': 'ko', 'languageDisplayName': 'ko', 'title': '수 나누기 게임', 'isOriginal': True}]",True,False,2077,11,123,False,False,False,2.5224,True,"[{'key': 'bruteforcing', 'isMeta': False, 'bojTagId': 125, 'problemCount': 2158, 'displayNames': [{'language': 'ko', 'name': '브루트포스 알고리즘', 'short': '브루트포스 알고리즘'}, {'language': 'en', 'name': 'bruteforcing', 'short': 'bruteforce'}, {'language': 'ja', 'name': '全探索', 'short': '全探索'}], 'aliases': [{'alias': '완전탐색'}, {'alias': '완전 탐색'}, {'alias': '브루트포스'}, {'alias': 'bruteforce'}, {'alias': 'brute force'}, {'alias': '완탐'}]}, {'key': 'math', 'isMeta': False, 'bojTagId': 124, 'problemCount': 6271, 'displayNames': [{'language': 'ko', 'name': '수학', 'short': '수학'}, {'language': 'en', 'name': 'mathematics', 'short': 'math'}, {'language': 'ja', 'name': '数学', 'short': '数学'}], 'aliases': []}, {'key': 'number_theory', 'isMeta': False, 'bojTagId': 95, 'problemCount': 1418, 'displayNames': [{'language': 'ko', 'name': '정수론', 'short': '정수론'}, {'language': 'en', 'name': 'number theory', 'short': 'number theory'}, {'language': 'ja', 'name': '整数論', 'short': '整数論'}], 'aliases': []}, {'key': 'primality_test', 'isMeta': False, 'bojTagId': 9, 'problemCount': 317, 'displayNames': [{'language': 'ko', 'name': '소수 판정', 'short': '소수 판정'}, {'language': 'en', 'name': 'primality test', 'short': 'primality test'}, {'language': 'ja', 'name': '素数性テスト', 'short': '素数性テスト'}], 'aliases': [{'alias': '소수'}, {'alias': '소수판별'}, {'alias': '소수판정'}, {'alias': 'prime'}]}, {'key': 'sieve', 'isMeta': False, 'bojTagId': 67, 'problemCount': 197, 'displayNames': [{'language': 'ko', 'name': '에라토스테네스의 체', 'short': '에라토스테네스의 체'}, {'language': 'en', 'name': 'sieve of eratosthenes', 'short': 'eratosthenes'}, {'language': 'ja', 'name': 'エラトステネスの篩', 'short': 'エラトステネス'}], 'aliases': [{'alias': 'sieve'}, {'alias': '에라체'}, {'alias': '소수'}, {'alias': 'prime'}]}]",{}
27173,수열과 쿼리 43,"[{'language': 'ko', 'languageDisplayName': 'ko', 'title': '수열과 쿼리 43', 'isOriginal': True}]",True,False,17,22,11,False,False,False,5.7647,True,"[{'key': 'data_structures', 'isMeta': False, 'bojTagId': 175, 'problemCount': 3771, 'displayNames': [{'language': 'ko', 'name': '자료 구조', 'short': '자료 구조'}, {'language': 'en', 'name': 'data structures', 'short': 'ds'}, {'language': 'ja', 'name': 'データ構造', 'short': 'ds'}], 'aliases': [{'alias': '자료구조'}, {'alias': '자구'}]}, {'key': 'lazyprop', 'isMeta': False, 'bojTagId': 66, 'problemCount': 300, 'displayNames': [{'language': 'ko', 'name': '느리게 갱신되는 세그먼트 트리', 'short': '느리게 갱신되는 세그먼트 트리'}, {'language': 'en', 'name': 'segment tree with lazy propagation', 'short': 'lazyprop'}, {'language': 'ja', 'name': '遅延評価セグメント木', 'short': '遅延評価セグ木'}], 'aliases': [{'alias': '레이지'}, {'alias': '레이지프로퍼게이션'}, {'alias': '레이지프로파게이션'}, {'alias': '구간트리'}, {'alias': 'fenwick'}, {'alias': '펜윅'}]}, {'key': 'segtree', 'isMeta': False, 'bojTagId': 65, 'problemCount': 1290, 'displayNames': [{'language': 'ko', 'name': '세그먼트 트리', 'short': '세그먼트 트리'}, {'language': 'en', 'name': 'segment tree', 'short': 'segtree'}, {'language': 'ja', 'name': 'セグメント木', 'short': 'セグ木'}], 'aliases': [{'alias': '구간트리'}, {'alias': '세그트리'}, {'alias': 'fenwick'}, {'alias': '펜윅'}]}]",{}
27174,Урок физкультуры,"[{'language': 'ru', 'languageDisplayName': 'ru', 'title': 'Урок физкультуры', 'isOriginal': True}]",True,True,21,15,2,False,False,False,1.2857,True,"[{'key': 'ad_hoc', 'isMeta': False, 'bojTagId': 109, 'problemCount': 1447, 'displayNames': [{'language': 'ko', 'name': '애드 혹', 'short': '애드 혹'}, {'language': 'en', 'name': 'ad-hoc', 'short': 'ad-hoc'}, {'language': 'ja', 'name': 'アドホック', 'short': 'アドホック'}], 'aliases': []}, {'key': 'prefix_sum', 'isMeta': False, 'bojTagId': 139, 'problemCount': 949, 'displayNames': [{'language': 'ko', 'name': '누적 합', 'short': '누적 합'}, {'language': 'en', 'name': 'prefix sum', 'short': 'prefix sum'}, {'language': 'ja', 'name': '累積和', 'short': '累積和'}], 'aliases': [{'alias': '구간합'}, {'alias': '부분합'}, {'alias': 'rangesum'}]}, {'key': 'sorting', 'isMeta': False, 'bojTagId': 97, 'problemCount': 1827, 'displayNames': [{'language': 'ko', 'name': '정렬', 'short': '정렬'}, {'language': 'en', 'name': 'sorting', 'short': 'sorting'}, {'language': 'ja', 'name': 'ソート', 'short': 'ソート'}], 'aliases': []}]",{}
27175,Оптимизация закупок,"[{'language': 'ru', 'languageDisplayName': 'ru', 'title': 'Оптимизация закупок', 'isOriginal': True}]",True,True,19,21,5,False,False,False,2.7895,True,"[{'key': 'data_structures', 'isMeta': False, 'bojTagId': 175, 'problemCount': 3771, 'displayNames': [{'language': 'ko', 'name': '자료 구조', 'short': '자료 구조'}, {'language': 'en', 'name': 'data structures', 'short': 'ds'}, {'language': 'ja', 'name': 'データ構造', 'short': 'ds'}], 'aliases': [{'alias': '자료구조'}, {'alias': '자구'}]}, {'key': 'dp', 'isMeta': False, 'bojTagId': 25, 'problemCount': 3979, 'displayNames': [{'language': 'ko', 'name': '다이나믹 프로그래밍', 'short': '다이나믹 프로그래밍'}, {'language': 'en', 'name': 'dynamic programming', 'short': 'dp'}, {'language': 'ja', 'name': '動的計画法', 'short': 'dp'}], 'aliases': [{'alias': '동적계획법'}, {'alias': '동적 계획법'}, {'alias': '다이나믹프로그래밍'}]}, {'key': 'dp_tree', 'isMeta': False, 'bojTagId': 92, 'problemCount': 409, 'displayNames': [{'language': 'ko', 'name': '트리에서의 다이나믹 프로그래밍', 'short': '트리에서의 다이나믹 프로그래밍'}, {'language': 'en', 'name': 'dynamic programming on trees', 'short': 'tree dp'}, {'language': 'ja', 'name': '木上の動的計画法', 'short': 'tree dp'}], 'aliases': [{'alias': '트리dp'}]}, {'key': 'greedy', 'isMeta': False, 'bojTagId': 33, 'problemCount': 2504, 'displayNames': [{'language': 'ko', 'name': '그리디 알고리즘', 'short': '그리디 알고리즘'}, {'language': 'en', 'name': 'greedy', 'short': 'greedy'}, {'language': 'ja', 'name': '貪欲法', 'short': '貪欲法'}], 'aliases': [{'alias': '탐욕법'}]}, {'key': 'hld', 'isMeta': False, 'bojTagId': 35, 'problemCount': 81, 'displayNames': [{'language': 'ko', 'name': 'Heavy-light 분할', 'short': 'Heavy-light 분할'}, {'language': 'en', 'name': 'heavy-light decomposition', 'short': 'hld'}, {'language': 'ja', 'name': 'heavy-light decomposition', 'short': 'hld'}], 'aliases': []}, {'key': 'lazyprop', 'isMeta': False, 'bojTagId': 66, 'problemCount': 300, 'displayNames': [{'language': 'ko', 'name': '느리게 갱신되는 세그먼트 트리', 'short': '느리게 갱신되는 세그먼트 트리'}, {'language': 'en', 'name': 'segment tree with lazy propagation', 'short': 'lazyprop'}, {'language': 'ja', 'name': '遅延評価セグメント木', 'short': '遅延評価セグ木'}], 'aliases': [{'alias': '레이지'}, {'alias': '레이지프로퍼게이션'}, {'alias': '레이지프로파게이션'}, {'alias': '구간트리'}, {'alias': 'fenwick'}, {'alias': '펜윅'}]}, {'key': 'priority_queue', 'isMeta': False, 'bojTagId': 59, 'problemCount': 420, 'displayNames': [{'language': 'ko', 'name': '우선순위 큐', 'short': '우선순위 큐'}, {'language': 'en', 'name': 'priority queue', 'short': 'priority queue'}, {'language': 'ja', 'name': '優先度付きキュー', 'short': '優先度付きキュー'}], 'aliases': [{'alias': 'heap'}, {'alias': '힙'}]}, {'key': 'segtree', 'isMeta': False, 'bojTagId': 65, 'problemCount': 1290, 'displayNames': [{'language': 'ko', 'name': '세그먼트 트리', 'short': '세그먼트 트리'}, {'language': 'en', 'name': 'segment tree', 'short': 'segtree'}, {'language': 'ja', 'name': 'セグメント木', 'short': 'セグ木'}], 'aliases': [{'alias': '구간트리'}, {'alias': '세그트리'}, {'alias': 'fenwick'}, {'alias': '펜윅'}]}, {'key': 'smaller_to_larger', 'isMeta': False, 'bojTagId': 169, 'problemCount': 128, 'displayNames': [{'language': 'ko', 'name': '작은 집합에서 큰 집합으로 합치는 테크닉', 'short': '작은 집합에서 큰 집합으로 합치는 테크닉'}, {'language': 'en', 'name': 'smaller to larger technique', 'short': 'smaller to larger'}, {'language': 'ja', 'name': 'smaller to larger technique', 'short': 'smaller to larger'}], 'aliases': [{'alias': 'merge heuristics'}, {'alias': 'sack'}, {'alias': 'small to large'}, {'alias': '작은거'}, {'alias': '큰거'}]}, {'key': 'trees', 'isMeta': False, 'bojTagId': 120, 'problemCount': 1382, 'displayNames': [{'language': 'ko', 'name': '트리', 'short': '트리'}, {'language': 'en', 'name': 'tree', 'short': 'tree'}, {'language': 'ja', 'name': '木', 'short': '木'}], 'aliases': [{'alias': 'trees'}]}, {'key': 'tree_set', 'isMeta': False, 'bojTagId': 74, 'problemCount': 487, 'displayNames': [{'language': 'ko', 'name': '트리를 사용한 집합과 맵', 'short': '트리를 사용한 집합과 맵'}, {'language': 'en', 'name': 'set / map by trees', 'short': 'treeset'}, {'language': 'ja', 'name': '木によるセット・マップ', 'short': 'treeset'}], 'aliases': [{'alias': '집합'}, {'alias': '맵'}, {'alias': '셋'}, {'alias': '딕셔너리'}, {'alias': 'dictionary'}, {'alias': 'map'}, {'alias': 'set'}, {'alias': 'bbst'}, {'alias': '트리'}, {'alias': 'tree'}]}]",{}
27176,Интересные выходные,"[{'language': 'ru', 'languageDisplayName': 'ru', 'title': 'Интересные выходные', 'isOriginal': True}]",True,True,18,21,4,False,False,False,5.5,True,"[{'key': 'binary_search', 'isMeta': False, 'bojTagId': 12, 'problemCount': 1204, 'displayNames': [{'language': 'ko', 'name': '이분 탐색', 'short': '이분 탐색'}, {'language': 'en', 'name': 'binary search', 'short': 'binary search'}, {'language': 'ja', 'name': '二分探索', 'short': '二分探索'}], 'aliases': [{'alias': '이분탐색'}, {'alias': '이진탐색'}]}, {'key': 'data_structures', 'isMeta': False, 'bojTagId': 175, 'problemCount': 3771, 'displayNames': [{'language': 'ko', 'name': '자료 구조', 'short': '자료 구조'}, {'language': 'en', 'name': 'data structures', 'short': 'ds'}, {'language': 'ja', 'name': 'データ構造', 'short': 'ds'}], 'aliases': [{'alias': '자료구조'}, {'alias': '자구'}]}, {'key': 'math', 'isMeta': False, 'bojTagId': 124, 'problemCount': 6271, 'displayNames': [{'language': 'ko', 'name': '수학', 'short': '수학'}, {'language': 'en', 'name': 'mathematics', 'short': 'math'}, {'language': 'ja', 'name': '数学', 'short': '数学'}], 'aliases': []}, {'key': 'offline_queries', 'isMeta': False, 'bojTagId': 123, 'problemCount': 252, 'displayNames': [{'language': 'ko', 'name': '오프라인 쿼리', 'short': '오프라인 쿼리'}, {'language': 'en', 'name': 'offline queries', 'short': 'offline query'}, {'language': 'ja', 'name': 'offline queries', 'short': 'offline query'}], 'aliases': [{'alias': 'offlinequery'}]}, {'key': 'segtree', 'isMeta': False, 'bojTagId': 65, 'problemCount': 1290, 'displayNames': [{'language': 'ko', 'name': '세그먼트 트리', 'short': '세그먼트 트리'}, {'language': 'en', 'name': 'segment tree', 'short': 'segtree'}, {'language': 'ja', 'name': 'セグメント木', 'short': 'セグ木'}], 'aliases': [{'alias': '구간트리'}, {'alias': '세그트리'}, {'alias': 'fenwick'}, {'alias': '펜윅'}]}, {'key': 'sweeping', 'isMeta': False, 'bojTagId': 106, 'problemCount': 468, 'displayNames': [{'language': 'ko', 'name': '스위핑', 'short': '스위핑'}, {'language': 'en', 'name': 'sweeping', 'short': 'sweeping'}, {'language': 'ja', 'name': '平面走査', 'short': '平面走査'}], 'aliases': [{'alias': '라인 스위핑'}]}, {'key': 'trees', 'isMeta': False, 'bojTagId': 120, 'problemCount': 1382, 'displayNames': [{'language': 'ko', 'name': '트리', 'short': '트리'}, {'language': 'en', 'name': 'tree', 'short': 'tree'}, {'language': 'ja', 'name': '木', 'short': '木'}], 'aliases': [{'alias': 'trees'}]}]",{}
27177,Прожекторы,"[{'language': 'ru', 'languageDisplayName': 'ru', 'title': 'Прожекторы', 'isOriginal': True}]",True,True,4,30,1,False,False,False,15.25,True,"[{'key': 'bruteforcing', 'isMeta': False, 'bojTagId': 125, 'problemCount': 2158, 'displayNames': [{'language': 'ko', 'name': '브루트포스 알고리즘', 'short': '브루트포스 알고리즘'}, {'language': 'en', 'name': 'bruteforcing', 'short': 'bruteforce'}, {'language': 'ja', 'name': '全探索', 'short': '全探索'}], 'aliases': [{'alias': '완전탐색'}, {'alias': '완전 탐색'}, {'alias': '브루트포스'}, {'alias': 'bruteforce'}, {'alias': 'brute force'}, {'alias': '완탐'}]}, {'key': 'case_work', 'isMeta': False, 'bojTagId': 137, 'problemCount': 855, 'displayNames': [{'language': 'ko', 'name': '많은 조건 분기', 'short': '많은 조건 분기'}, {'language': 'en', 'name': 'case work', 'short': 'case work'}, {'language': 'ja', 'name': 'ケースワーク', 'short': 'ケースワーク'}], 'aliases': [{'alias': '케이스'}, {'alias': '케이스워크'}, {'alias': '케이스 워크'}]}, {'key': 'cht', 'isMeta': False, 'bojTagId': 89, 'problemCount': 101, 'displayNames': [{'language': 'ko', 'name': '볼록 껍질을 이용한 최적화', 'short': '볼록 껍질을 이용한 최적화'}, {'language': 'en', 'name': 'convex hull trick', 'short': 'cht'}, {'language': 'ja', 'name': 'convex hull trick', 'short': 'cht'}], 'aliases': [{'alias': '컨벡스헐트릭'}, {'alias': '컨벡스헐최적화'}]}, {'key': 'data_structures', 'isMeta': False, 'bojTagId': 175, 'problemCount': 3771, 'displayNames': [{'language': 'ko', 'name': '자료 구조', 'short': '자료 구조'}, {'language': 'en', 'name': 'data structures', 'short': 'ds'}, {'language': 'ja', 'name': 'データ構造', 'short': 'ds'}], 'aliases': [{'alias': '자료구조'}, {'alias': '자구'}]}, {'key': 'dp', 'isMeta': False, 'bojTagId': 25, 'problemCount': 3979, 'displayNames': [{'language': 'ko', 'name': '다이나믹 프로그래밍', 'short': '다이나믹 프로그래밍'}, {'language': 'en', 'name': 'dynamic programming', 'short': 'dp'}, {'language': 'ja', 'name': '動的計画法', 'short': 'dp'}], 'aliases': [{'alias': '동적계획법'}, {'alias': '동적 계획법'}, {'alias': '다이나믹프로그래밍'}]}, {'key': 'greedy', 'isMeta': False, 'bojTagId': 33, 'problemCount': 2504, 'displayNames': [{'language': 'ko', 'name': '그리디 알고리즘', 'short': '그리디 알고리즘'}, {'language': 'en', 'name': 'greedy', 'short': 'greedy'}, {'language': 'ja', 'name': '貪欲法', 'short': '貪欲法'}], 'aliases': [{'alias': '탐욕법'}]}, {'key': 'implementation', 'isMeta': False, 'bojTagId': 102, 'problemCount': 5465, 'displayNames': [{'language': 'ko', 'name': '구현', 'short': '구현'}, {'language': 'en', 'name': 'implementation', 'short': 'impl'}, {'language': 'ja', 'name': '実装', 'short': 'impl'}], 'aliases': []}, {'key': 'sparse_table', 'isMeta': False, 'bojTagId': 84, 'problemCount': 138, 'displayNames': [{'language': 'ko', 'name': '희소 배열', 'short': '희소 배열'}, {'language': 'en', 'name': 'sparse table', 'short': 'sparse table'}, {'language': 'ja', 'name': 'sparse table', 'short': 'sparse table'}], 'aliases': [{'alias': '스파스어레이'}, {'alias': 'sparse table'}]}]",{}
27178,Максимизация выигрыша,"[{'language': 'ru', 'languageDisplayName': 'ru', 'title': 'Максимизация выигрыша', 'isOriginal': True}]",True,True,8,19,2,False,False,False,1.25,True,"[{'key': 'bruteforcing', 'isMeta': False, 'bojTagId': 125, 'problemCount': 2158, 'displayNames': [{'language': 'ko', 'name': '브루트포스 알고리즘', 'short': '브루트포스 알고리즘'}, {'language': 'en', 'name': 'bruteforcing', 'short': 'bruteforce'}, {'language': 'ja', 'name': '全探索', 'short': '全探索'}], 'aliases': [{'alias': '완전탐색'}, {'alias': '완전 탐색'}, {'alias': '브루트포스'}, {'alias': 'bruteforce'}, {'alias': 'brute force'}, {'alias': '완탐'}]}, {'key': 'greedy', 'isMeta': False, 'bojTagId': 33, 'problemCount': 2504, 'displayNames': [{'language': 'ko', 'name': '그리디 알고리즘', 'short': '그리디 알고리즘'}, {'language': 'en', 'name': 'greedy', 'short': 'greedy'}, {'language': 'ja', 'name': '貪欲法', 'short': '貪欲法'}], 'aliases': [{'alias': '탐욕법'}]}, {'key': 'implementation', 'isMeta': False, 'bojTagId': 102, 'problemCount': 5465, 'displayNames': [{'language': 'ko', 'name': '구현', 'short': '구현'}, {'language': 'en', 'name': 'implementation', 'short': 'impl'}, {'language': 'ja', 'name': '実装', 'short': 'impl'}], 'aliases': []}, {'key': 'sorting', 'isMeta': False, 'bojTagId': 97, 'problemCount': 1827, 'displayNames': [{'language': 'ko', 'name': '정렬', 'short': '정렬'}, {'language': 'en', 'name': 'sorting', 'short': 'sorting'}, {'language': 'ja', 'name': 'ソート', 'short': 'ソート'}], 'aliases': []}]",{}
27179,Экспедиция на Сириус,"[{'language': 'ru', 'languageDisplayName': 'ru', 'title': 'Экспедиция на Сириус', 'isOriginal': True}]",True,True,15,19,3,False,False,False,5.6,True,"[{'key': 'data_structures', 'isMeta': False, 'bojTagId': 175, 'problemCount': 3771, 'displayNames': [{'language': 'ko', 'name': '자료 구조', 'short': '자료 구조'}, {'language': 'en', 'name': 'data structures', 'short': 'ds'}, {'language': 'ja', 'name': 'データ構造', 'short': 'ds'}], 'aliases': [{'alias': '자료구조'}, {'alias': '자구'}]}, {'key': 'segtree', 'isMeta': False, 'bojTagId': 65, 'problemCount': 1290, 'displayNames': [{'language': 'ko', 'name': '세그먼트 트리', 'short': '세그먼트 트리'}, {'language': 'en', 'name': 'segment tree', 'short': 'segtree'}, {'language': 'ja', 'name': 'セグメント木', 'short': 'セグ木'}], 'aliases': [{'alias': '구간트리'}, {'alias': '세그트리'}, {'alias': 'fenwick'}, {'alias': '펜윅'}]}, {'key': 'sorting', 'isMeta': False, 'bojTagId': 97, 'problemCount': 1827, 'displayNames': [{'language': 'ko', 'name': '정렬', 'short': '정렬'}, {'language': 'en', 'name': 'sorting', 'short': 'sorting'}, {'language': 'ja', 'name': 'ソート', 'short': 'ソート'}], 'aliases': []}, {'key': 'sweeping', 'isMeta': False, 'bojTagId': 106, 'problemCount': 468, 'displayNames': [{'language': 'ko', 'name': '스위핑', 'short': '스위핑'}, {'language': 'en', 'name': 'sweeping', 'short': 'sweeping'}, {'language': 'ja', 'name': '平面走査', 'short': '平面走査'}], 'aliases': [{'alias': '라인 스위핑'}]}]",{}
27180,Тяжелый груз,"[{'language': 'ru', 'languageDisplayName': 'ru', 'title': 'Тяжелый груз', 'isOriginal': True}]",True,False,8,22,2,False,False,False,10.625,True,"[{'key': 'bfs', 'isMeta': False, 'bojTagId': 126, 'problemCount': 967, 'displayNames': [{'language': 'ko', 'name': '너비 우선 탐색', 'short': '너비 우선 탐색'}, {'language': 'en', 'name': 'breadth-first search', 'short': 'bfs'}, {'language': 'ja', 'name': '幅優先検索', 'short': 'bfs'}], 'aliases': [{'alias': 'breadthfirst'}, {'alias': 'breadth first'}]}, {'key': 'biconnected_component', 'isMeta': False, 'bojTagId': 153, 'problemCount': 48, 'displayNames': [{'language': 'ko', 'name': '이중 연결 요소', 'short': '이중 연결 요소'}, {'language': 'en', 'name': 'biconnected component', 'short': 'biconnected component'}, {'language': 'ja', 'name': '二重接続コンポーネント', 'short': '二重接続'}], 'aliases': [{'alias': 'bcc'}]}, {'key': 'graphs', 'isMeta': False, 'bojTagId': 7, 'problemCount': 3630, 'displayNames': [{'language': 'ko', 'name': '그래프 이론', 'short': '그래프 이론'}, {'language': 'en', 'name': 'graph theory', 'short': 'graph'}, {'language': 'ja', 'name': 'グラフ理論', 'short': 'グラフ'}], 'aliases': [{'alias': '그래프이론'}, {'alias': '그래프'}]}, {'key': 'graph_traversal', 'isMeta': False, 'bojTagId': 11, 'problemCount': 1978, 'displayNames': [{'language': 'ko', 'name': '그래프 탐색', 'short': '그래프 탐색'}, {'language': 'en', 'name': 'graph traversal', 'short': 'traversal'}, {'language': 'ja', 'name': 'グラフの探索', 'short': '横断'}], 'aliases': [{'alias': 'bfs'}, {'alias': 'dfs'}]}]",{}
27181,Большие вызовы,"[{'language': 'ru', 'languageDisplayName': 'ru', 'title': 'Большие вызовы', 'isOriginal': True}]",True,False,3,27,1,False,False,False,1.3333,True,"[{'key': 'data_structures', 'isMeta': False, 'bojTagId': 175, 'problemCount': 3771, 'displayNames': [{'language': 'ko', 'name': '자료 구조', 'short': '자료 구조'}, {'language': 'en', 'name': 'data structures', 'short': 'ds'}, {'language': 'ja', 'name': 'データ構造', 'short': 'ds'}], 'aliases': [{'alias': '자료구조'}, {'alias': '자구'}]}, {'key': 'divide_and_conquer', 'isMeta': False, 'bojTagId': 24, 'problemCount': 412, 'displayNames': [{'language': 'ko', 'name': '분할 정복', 'short': '분할 정복'}, {'language': 'en', 'name': 'divide and conquer', 'short': 'd&c'}, {'language': 'ja', 'name': '分割統治法', 'short': '分割統治法'}], 'aliases': [{'alias': 'dnc'}]}, {'key': 'dp', 'isMeta': False, 'bojTagId': 25, 'problemCount': 3979, 'displayNames': [{'language': 'ko', 'name': '다이나믹 프로그래밍', 'short': '다이나믹 프로그래밍'}, {'language': 'en', 'name': 'dynamic programming', 'short': 'dp'}, {'language': 'ja', 'name': '動的計画法', 'short': 'dp'}], 'aliases': [{'alias': '동적계획법'}, {'alias': '동적 계획법'}, {'alias': '다이나믹프로그래밍'}]}, {'key': 'hall', 'isMeta': False, 'bojTagId': 34, 'problemCount': 20, 'displayNames': [{'language': 'ko', 'name': '홀의 결혼 정리', 'short': '홀의 결혼 정리'}, {'language': 'en', 'name': ""hall's theorem"", 'short': ""hall's thm""}, {'language': 'ja', 'name': 'ホールの定理', 'short': 'ホールの定理'}], 'aliases': []}, {'key': 'segtree', 'isMeta': False, 'bojTagId': 65, 'problemCount': 1290, 'displayNames': [{'language': 'ko', 'name': '세그먼트 트리', 'short': '세그먼트 트리'}, {'language': 'en', 'name': 'segment tree', 'short': 'segtree'}, {'language': 'ja', 'name': 'セグメント木', 'short': 'セグ木'}], 'aliases': [{'alias': '구간트리'}, {'alias': '세그트리'}, {'alias': 'fenwick'}, {'alias': '펜윅'}]}]",{}
27182,Rain Diary,"[{'language': 'en', 'languageDisplayName': 'en', 'title': 'Rain Diary', 'isOriginal': True}]",True,False,488,2,51,False,False,False,1.5594,True,"[{'key': 'arithmetic', 'isMeta': False, 'bojTagId': 121, 'problemCount': 1097, 'displayNames': [{'language': 'ko', 'name': '사칙연산', 'short': '사칙연산'}, {'language': 'en', 'name': 'arithmetic', 'short': 'arithmetic'}, {'language': 'ja', 'name': '算数', 'short': '算数'}], 'aliases': [{'alias': '덧셈'}, {'alias': '뺄셈'}, {'alias': '곱셈'}, {'alias': '나눗셈'}, {'alias': '더하기'}, {'alias': '빼기'}, {'alias': '곱하기'}, {'alias': '나누기'}]}, {'key': 'math', 'isMeta': False, 'bojTagId': 124, 'problemCount': 6271, 'displayNames': [{'language': 'ko', 'name': '수학', 'short': '수학'}, {'language': 'en', 'name': 'mathematics', 'short': 'math'}, {'language': 'ja', 'name': '数学', 'short': '数学'}], 'aliases': []}]",{}
27183,Magnetic Games,"[{'language': 'en', 'languageDisplayName': 'en', 'title': 'Magnetic Games', 'isOriginal': True}]",True,False,3,0,0,False,False,False,4.0,True,[],{}
27184,Campfire Riddle,"[{'language': 'en', 'languageDisplayName': 'en', 'title': 'Campfire Riddle', 'isOriginal': True}]",True,False,8,12,2,False,False,False,1.125,True,"[{'key': 'dp', 'isMeta': False, 'bojTagId': 25, 'problemCount': 3979, 'displayNames': [{'language': 'ko', 'name': '다이나믹 프로그래밍', 'short': '다이나믹 프로그래밍'}, {'language': 'en', 'name': 'dynamic programming', 'short': 'dp'}, {'language': 'ja', 'name': '動的計画法', 'short': 'dp'}], 'aliases': [{'alias': '동적계획법'}, {'alias': '동적 계획법'}, {'alias': '다이나믹프로그래밍'}]}, {'key': 'knapsack', 'isMeta': False, 'bojTagId': 148, 'problemCount': 252, 'displayNames': [{'language': 'ko', 'name': '배낭 문제', 'short': '배낭 문제'}, {'language': 'en', 'name': 'knapsack', 'short': 'knapsack'}, {'language': 'ja', 'name': 'ナップサック問題', 'short': 'ナップサック'}], 'aliases': [{'alias': '냅색'}]}]",{}
27185,The Tree,"[{'language': 'en', 'languageDisplayName': 'en', 'title': 'The Tree', 'isOriginal': True}]",True,False,8,15,5,False,False,False,4.75,True,"[{'key': 'data_structures', 'isMeta': False, 'bojTagId': 175, 'problemCount': 3771, 'displayNames': [{'language': 'ko', 'name': '자료 구조', 'short': '자료 구조'}, {'language': 'en', 'name': 'data structures', 'short': 'ds'}, {'language': 'ja', 'name': 'データ構造', 'short': 'ds'}], 'aliases': [{'alias': '자료구조'}, {'alias': '자구'}]}, {'key': 'lazyprop', 'isMeta': False, 'bojTagId': 66, 'problemCount': 300, 'displayNames': [{'language': 'ko', 'name': '느리게 갱신되는 세그먼트 트리', 'short': '느리게 갱신되는 세그먼트 트리'}, {'language': 'en', 'name': 'segment tree with lazy propagation', 'short': 'lazyprop'}, {'language': 'ja', 'name': '遅延評価セグメント木', 'short': '遅延評価セグ木'}], 'aliases': [{'alias': '레이지'}, {'alias': '레이지프로퍼게이션'}, {'alias': '레이지프로파게이션'}, {'alias': '구간트리'}, {'alias': 'fenwick'}, {'alias': '펜윅'}]}, {'key': 'segtree', 'isMeta': False, 'bojTagId': 65, 'problemCount': 1290, 'displayNames': [{'language': 'ko', 'name': '세그먼트 트리', 'short': '세그먼트 트리'}, {'language': 'en', 'name': 'segment tree', 'short': 'segtree'}, {'language': 'ja', 'name': 'セグメント木', 'short': 'セグ木'}], 'aliases': [{'alias': '구간트리'}, {'alias': '세그트리'}, {'alias': 'fenwick'}, {'alias': '펜윅'}]}, {'key': 'trees', 'isMeta': False, 'bojTagId': 120, 'problemCount': 1382, 'displayNames': [{'language': 'ko', 'name': '트리', 'short': '트리'}, {'language': 'en', 'name': 'tree', 'short': 'tree'}, {'language': 'ja', 'name': '木', 'short': '木'}], 'aliases': [{'alias': 'trees'}]}, {'key': 'trie', 'isMeta': False, 'bojTagId': 79, 'problemCount': 126, 'displayNames': [{'language': 'ko', 'name': '트라이', 'short': '트라이'}, {'language': 'en', 'name': 'trie', 'short': 'trie'}, {'language': 'ja', 'name': 'トライ木', 'short': 'トライ'}], 'aliases': []}]",{}
27186,Just like pickle,"[{'language': 'en', 'languageDisplayName': 'en', 'title': 'Just like pickle', 'isOriginal': True}]",True,False,3,0,0,False,False,False,2.0,True,[],{}
27187,Lazy to Win,"[{'language': 'en', 'languageDisplayName': 'en', 'title': 'Lazy to Win', 'isOriginal': True}]",True,False,4,14,1,False,False,False,1.25,True,"[{'key': 'data_structures', 'isMeta': False, 'bojTagId': 175, 'problemCount': 3771, 'displayNames': [{'language': 'ko', 'name': '자료 구조', 'short': '자료 구조'}, {'language': 'en', 'name': 'data structures', 'short': 'ds'}, {'language': 'ja', 'name': 'データ構造', 'short': 'ds'}], 'aliases': [{'alias': '자료구조'}, {'alias': '자구'}]}, {'key': 'tree_set', 'isMeta': False, 'bojTagId': 74, 'problemCount': 487, 'displayNames': [{'language': 'ko', 'name': '트리를 사용한 집합과 맵', 'short': '트리를 사용한 집합과 맵'}, {'language': 'en', 'name': 'set / map by trees', 'short': 'treeset'}, {'language': 'ja', 'name': '木によるセット・マップ', 'short': 'treeset'}], 'aliases': [{'alias': '집합'}, {'alias': '맵'}, {'alias': '셋'}, {'alias': '딕셔너리'}, {'alias': 'dictionary'}, {'alias': 'map'}, {'alias': 'set'}, {'alias': 'bbst'}, {'alias': '트리'}, {'alias': 'tree'}]}, {'key': 'two_pointer', 'isMeta': False, 'bojTagId': 80, 'problemCount': 381, 'displayNames': [{'language': 'ko', 'name': '두 포인터', 'short': '두 포인터'}, {'language': 'en', 'name': 'two-pointer', 'short': 'two-pointer'}, {'language': 'ja', 'name': '尺取り法', 'short': '尺取り'}], 'aliases': [{'alias': '투포인터'}, {'alias': '인치웜'}, {'alias': 'inchworm'}, {'alias': 'twopointer'}]}]",{}
27188,The Length of the Sequence,"[{'language': 'en', 'languageDisplayName': 'en', 'title': 'The Length of the Sequence', 'isOriginal': True}]",True,False,6,12,3,False,False,False,3.0,True,"[{'key': 'binary_search', 'isMeta': False, 'bojTagId': 12, 'problemCount': 1204, 'displayNames': [{'language': 'ko', 'name': '이분 탐색', 'short': '이분 탐색'}, {'language': 'en', 'name': 'binary search', 'short': 'binary search'}, {'language': 'ja', 'name': '二分探索', 'short': '二分探索'}], 'aliases': [{'alias': '이분탐색'}, {'alias': '이진탐색'}]}, {'key': 'bruteforcing', 'isMeta': False, 'bojTagId': 125, 'problemCount': 2158, 'displayNames': [{'language': 'ko', 'name': '브루트포스 알고리즘', 'short': '브루트포스 알고리즘'}, {'language': 'en', 'name': 'bruteforcing', 'short': 'bruteforce'}, {'language': 'ja', 'name': '全探索', 'short': '全探索'}], 'aliases': [{'alias': '완전탐색'}, {'alias': '완전 탐색'}, {'alias': '브루트포스'}, {'alias': 'bruteforce'}, {'alias': 'brute force'}, {'alias': '완탐'}]}, {'key': 'two_pointer', 'isMeta': False, 'bojTagId': 80, 'problemCount': 381, 'displayNames': [{'language': 'ko', 'name': '두 포인터', 'short': '두 포인터'}, {'language': 'en', 'name': 'two-pointer', 'short': 'two-pointer'}, {'language': 'ja', 'name': '尺取り法', 'short': '尺取り'}], 'aliases': [{'alias': '투포인터'}, {'alias': '인치웜'}, {'alias': 'inchworm'}, {'alias': 'twopointer'}]}]",{}
27189,Pines,"[{'language': 'en', 'languageDisplayName': 'en', 'title': 'Pines', 'isOriginal': True}]",True,False,2,0,0,False,False,False,1.0,True,[],{}
27190,Circus Performance,"[{'language': 'en', 'languageDisplayName': 'en', 'title': 'Circus Performance', 'isOriginal': True}]",True,False,1,0,0,False,False,False,1.0,True,[],{}
27191,Square Running,"[{'language': 'en', 'languageDisplayName': 'en', 'title': 'Square Running', 'isOriginal': True}]",True,False,0,0,0,False,False,False,0.0,True,[],{}
27192,Pick a Pair,"[{'language': 'en', 'languageDisplayName': 'en', 'title': 'Pick a Pair', 'isOriginal': True}]",True,False,15,12,3,False,False,False,1.4,True,"[{'key': 'binary_search', 'isMeta': False, 'bojTagId': 12, 'problemCount': 1204, 'displayNames': [{'language': 'ko', 'name': '이분 탐색', 'short': '이분 탐색'}, {'language': 'en', 'name': 'binary search', 'short': 'binary search'}, {'language': 'ja', 'name': '二分探索', 'short': '二分探索'}], 'aliases': [{'alias': '이분탐색'}, {'alias': '이진탐색'}]}, {'key': 'data_structures', 'isMeta': False, 'bojTagId': 175, 'problemCount': 3771, 'displayNames': [{'language': 'ko', 'name': '자료 구조', 'short': '자료 구조'}, {'language': 'en', 'name': 'data structures', 'short': 'ds'}, {'language': 'ja', 'name': 'データ構造', 'short': 'ds'}], 'aliases': [{'alias': '자료구조'}, {'alias': '자구'}]}, {'key': 'greedy', 'isMeta': False, 'bojTagId': 33, 'problemCount': 2504, 'displayNames': [{'language': 'ko', 'name': '그리디 알고리즘', 'short': '그리디 알고리즘'}, {'language': 'en', 'name': 'greedy', 'short': 'greedy'}, {'language': 'ja', 'name': '貪欲法', 'short': '貪欲法'}], 'aliases': [{'alias': '탐욕법'}]}, {'key': 'hash_set', 'isMeta': False, 'bojTagId': 136, 'problemCount': 626, 'displayNames': [{'language': 'ko', 'name': '해시를 사용한 집합과 맵', 'short': '해시를 사용한 집합과 맵'}, {'language': 'en', 'name': 'set / map by hashing', 'short': 'hashset'}, {'language': 'ja', 'name': 'ハッシュ化によるセット・マップ', 'short': 'hashset'}], 'aliases': [{'alias': '집합'}, {'alias': '맵'}, {'alias': '셋'}, {'alias': '딕셔너리'}, {'alias': 'dictionary'}, {'alias': 'map'}, {'alias': 'set'}, {'alias': '해싱'}, {'alias': 'hashing'}, {'alias': 'dict'}]}, {'key': 'sorting', 'isMeta': False, 'bojTagId': 97, 'problemCount': 1827, 'displayNames': [{'language': 'ko', 'name': '정렬', 'short': '정렬'}, {'language': 'en', 'name': 'sorting', 'short': 'sorting'}, {'language': 'ja', 'name': 'ソート', 'short': 'ソート'}], 'aliases': []}, {'key': 'string', 'isMeta': False, 'bojTagId': 158, 'problemCount': 2356, 'displayNames': [{'language': 'ko', 'name': '문자열', 'short': '문자열'}, {'language': 'en', 'name': 'string', 'short': 'string'}, {'language': 'ja', 'name': '文字列', 'short': '文字列'}], 'aliases': [{'alias': '스트링'}]}]",{}
27193,Shifting Roads,"[{'language': 'en', 'languageDisplayName': 'en', 'title': 'Shifting Roads', 'isOriginal': True}]",True,False,3,0,0,False,False,False,3.6667,True,[],{}
27194,Meeting Near the Fountain,"[{'language': 'en', 'languageDisplayName': 'en', 'title': 'Meeting Near the Fountain', 'isOriginal': True}]",True,False,102,3,13,False,False,False,2.951,True,"[{'key': 'arithmetic', 'isMeta': False, 'bojTagId': 121, 'problemCount': 1097, 'displayNames': [{'language': 'ko', 'name': '사칙연산', 'short': '사칙연산'}, {'language': 'en', 'name': 'arithmetic', 'short': 'arithmetic'}, {'language': 'ja', 'name': '算数', 'short': '算数'}], 'aliases': [{'alias': '덧셈'}, {'alias': '뺄셈'}, {'alias': '곱셈'}, {'alias': '나눗셈'}, {'alias': '더하기'}, {'alias': '빼기'}, {'alias': '곱하기'}, {'alias': '나누기'}]}, {'key': 'math', 'isMeta': False, 'bojTagId': 124, 'problemCount': 6271, 'displayNames': [{'language': 'ko', 'name': '수학', 'short': '수학'}, {'language': 'en', 'name': 'mathematics', 'short': 'math'}, {'language': 'ja', 'name': '数学', 'short': '数学'}], 'aliases': []}]",{}
27195,GPS Hack,"[{'language': 'en', 'languageDisplayName': 'en', 'title': 'GPS Hack', 'isOriginal': True}]",True,False,1,0,0,False,False,False,1.0,True,[],{}
27196,Tournament,"[{'language': 'en', 'languageDisplayName': 'en', 'title': 'Tournament', 'isOriginal': True}]",True,False,2,0,0,False,False,False,1.0,True,[],{}
27197,Gas Stations,"[{'language': 'en', 'languageDisplayName': 'en', 'title': 'Gas Stations', 'isOriginal': True}]",True,False,3,19,1,False,False,False,1.0,True,[],{}
27198,kex,"[{'language': 'en', 'languageDisplayName': 'en', 'title': 'kex', 'isOriginal': True}]",True,False,27,9,5,False,False,False,1.4444,True,"[{'key': 'binary_search', 'isMeta': False, 'bojTagId': 12, 'problemCount': 1204, 'displayNames': [{'language': 'ko', 'name': '이분 탐색', 'short': '이분 탐색'}, {'language': 'en', 'name': 'binary search', 'short': 'binary search'}, {'language': 'ja', 'name': '二分探索', 'short': '二分探索'}], 'aliases': [{'alias': '이분탐색'}, {'alias': '이진탐색'}]}]",{}
27199,Bob's Average,"[{'language': 'en', 'languageDisplayName': 'en', 'title': ""Bob's Average"", 'isOriginal': True}]",True,False,13,25,6,False,False,False,2.7692,True,"[{'key': 'ad_hoc', 'isMeta': False, 'bojTagId': 109, 'problemCount': 1447, 'displayNames': [{'language': 'ko', 'name': '애드 혹', 'short': '애드 혹'}, {'language': 'en', 'name': 'ad-hoc', 'short': 'ad-hoc'}, {'language': 'ja', 'name': 'アドホック', 'short': 'アドホック'}], 'aliases': []}, {'key': 'binary_search', 'isMeta': False, 'bojTagId': 12, 'problemCount': 1204, 'displayNames': [{'language': 'ko', 'name': '이분 탐색', 'short': '이분 탐색'}, {'language': 'en', 'name': 'binary search', 'short': 'binary search'}, {'language': 'ja', 'name': '二分探索', 'short': '二分探索'}], 'aliases': [{'alias': '이분탐색'}, {'alias': '이진탐색'}]}, {'key': 'data_structures', 'isMeta': False, 'bojTagId': 175, 'problemCount': 3771, 'displayNames': [{'language': 'ko', 'name': '자료 구조', 'short': '자료 구조'}, {'language': 'en', 'name': 'data structures', 'short': 'ds'}, {'language': 'ja', 'name': 'データ構造', 'short': 'ds'}], 'aliases': [{'alias': '자료구조'}, {'alias': '자구'}]}, {'key': 'pbs', 'isMeta': False, 'bojTagId': 54, 'problemCount': 34, 'displayNames': [{'language': 'ko', 'name': '병렬 이분 탐색', 'short': '병렬 이분 탐색'}, {'language': 'en', 'name': 'parallel binary search', 'short': 'pbs'}, {'language': 'ja', 'name': 'parallel binary search', 'short': 'pbs'}], 'aliases': []}, {'key': 'segtree', 'isMeta': False, 'bojTagId': 65, 'problemCount': 1290, 'displayNames': [{'language': 'ko', 'name': '세그먼트 트리', 'short': '세그먼트 트리'}, {'language': 'en', 'name': 'segment tree', 'short': 'segtree'}, {'language': 'ja', 'name': 'セグメント木', 'short': 'セグ木'}], 'aliases': [{'alias': '구간트리'}, {'alias': '세그트리'}, {'alias': 'fenwick'}, {'alias': '펜윅'}]}]",{}
